party,route_name,asset_no,state,city,sales_representative_name,customer_id,licence_no,civil,wallbay_description
Archana Wines,KONDHWA,IR/PUNE/MAY 18/3,REST OF MAHARASHTRA,PUNE,Laxmikant Kadam,8418,FL-II 231,Civil,THC
Diamond Wines,KONDHWA,IR/PUNE/MAY 18/4,REST OF MAHARASHTRA,PUNE,Laxmikant Kadam,10715,FL-II-261,Civil,THC
Gold Wines - Bhandarkar Road,DECCAN-SHIVAJINAGAR,IR/PUNE/MAY 18/2,REST OF MAHARASHTRA,PUNE,Harish Deokule,49446,FL-III--292,Civil,THC
K S B WINE WORLD,Non Relevant,FD/PUNE/SEP 18/4,REST OF MAHARASHTRA,PUNE,Saasforce Admin,47782,FL II 120,Civil,THC
Maharashtra Wines,LONAVALA,FD/PUNE/SEP 18/2,REST OF MAHARASHTRA,PUNE,AMIT KAWALE,17209,FL-II 83,Civil,THC
Raj Wines (Sv Kher) - Mulshi,HINJEWADI,FD/PUNE/SEP 18/5,REST OF MAHARASHTRA,PUNE,Rakesh Lokhande,65363,FL II- 8,Civil,THC
Ruchira Wine - Baner,BANER AUNDH,IR/PUNE/MAY 18/1,REST OF MAHARASHTRA,PUNE,Harish Deokule,55133,FL-II 52,Civil,THC
Wingate Wines,PIMPLE SAUDAGAR,FD/PUNE/SEP 18/3,REST OF MAHARASHTRA,PUNE,AMIT KAWALE,28623,FL-II 25,Civil,THC
Regal Wines,LONAVALA,FD/PUNE/OCT 18/1,REST OF MAHARASHTRA,PUNE,AMIT KAWALE,21463,FL-II 119,Civil,THC
Antique Wines,PIMPLE SAUDAGAR,FD/PUNE/OCT 18/2,REST OF MAHARASHTRA,PUNE,AMIT KAWALE,8331,FL-II-167,Civil,THC
Newyork Wines,CAMP,FD/PUNE/OCT 18/3,REST OF MAHARASHTRA,PUNE,Laxmikant Kadam,19075,FL-II 80,Civil,THC
Arvind Wines,HINJEWADI,FD/PUNE/OCT 18/4,REST OF MAHARASHTRA,PUNE,Rakesh Lokhande,8472,FL-II 235,Civil,THC
Harbans Daya Wines,HINJEWADI,FD/BANG /OCT 18/5,REST OF MAHARASHTRA,PUNE,Rakesh Lokhande,12436,FL-II 73,Civil,THC
S S Ghule Wines,HADAPSAR,FD/BANG /OCT 18/6,REST OF MAHARASHTRA,PUNE,Laxmikant Kadam,21827,FL-II 97,Civil,THC
Prakash Wines,KOREGAON PARK,FD/PUNE/SEP 18/6,REST OF MAHARASHTRA,PUNE,Laxmikant Kadam,20091,FL-II 48,Civil,THC
V R Wines,BANER AUNDH,FD/PUNE/SEP 18/7,REST OF MAHARASHTRA,PUNE,Harish Deokule,27511,FL-II 168,Civil,THC
Rohit Wines - Fursungi,BARAMATI,FD/PUNE/SEP 18/8,REST OF MAHARASHTRA,PUNE,AMIT KAWALE,47939,FL-II 149,Civil,THC
Kumar Wines,HADAPSAR,FD/PUNE/SEP 18/9,REST OF MAHARASHTRA,PUNE,Laxmikant Kadam,14970,FL-II-256,Civil,THC
V M Bhisay And Co,CHINCHWAD,FD/PUNE/SEP 18/10,REST OF MAHARASHTRA,PUNE,Rakesh Lokhande,27501,FL-II 10,Civil,THC
Rohit Wines - Fursungi,BARAMATI,FD/PUNE/SEP 18/11,REST OF MAHARASHTRA,PUNE,AMIT KAWALE,47939,FL-II 149,Civil,JB
Prakash Wines,KOREGAON PARK,FD/PUNE/SEP 18/12,REST OF MAHARASHTRA,PUNE,Laxmikant Kadam,20091,FL-II 48,Civil,JB
S S Ghule Wines,HADAPSAR,FD/BANG /OCT 18/7,REST OF MAHARASHTRA,PUNE,Laxmikant Kadam,21827,FL-II 97,Civil,JB
Maharashtra Wines,LONAVALA,FD/PUNE/SEP 18/13,REST OF MAHARASHTRA,PUNE,AMIT KAWALE,17209,FL-II 83,Civil,JB
Samiksha Wines - Balewadi Pune,BANER AUNDH,FD/PUNE/DEC 18/1,REST OF MAHARASHTRA,PUNE,Harish Deokule,47953,FL II-151,Civil,THC
Sunny Wines,BANER AUNDH,FD/PUNE/DEC 18/2,REST OF MAHARASHTRA,PUNE,Harish Deokule,26393,FL-II 224,Civil,THC
Shrushti Wines,BANER AUNDH,FD/PUNE/DEC 18/3,REST OF MAHARASHTRA,PUNE,Harish Deokule,24056,FL-II 121,Civil,THC
Aparna Wines,BANER AUNDH,FD/PUNE/DEC 18/5,REST OF MAHARASHTRA,PUNE,Harish Deokule,8357,FL-II 104,Civil,THC
Pachgani Wine Shop,MAHABALESHWAR 1,FD/PUNE/DEC 18/6,REST OF MAHARASHTRA,SATARA,Kiran Nangare,19547,FL-II-22,Civil,THC
Pachgani Wine Shop,MAHABALESHWAR 1,FD/PUNE/DEC 18/7,REST OF MAHARASHTRA,SATARA,Kiran Nangare,19547,FL-II-22,Civil,JB
Imperial Wine Stores - Mahabaleshwar,MAHABALESHWAR 2,FD/PUNE/DEC 18/8,REST OF MAHARASHTRA,SATARA,Kiran Nangare,46375,FL-II-2,Civil,THC
Raj Wines (Sv Kher) - Mulshi,HINJEWADI,FD/PUNE/DEC 18/9,REST OF MAHARASHTRA,PUNE,Rakesh Lokhande,65363,FL II- 8,Civil,JB
S J Balasara,KONDHWA,FD/PUNE/DEC 18/10,REST OF MAHARASHTRA,PUNE,Laxmikant Kadam,21794,FL-II 51,Civil,THC
S J Balasara,KONDHWA,FD/PUNE/DEC 18/11,REST OF MAHARASHTRA,PUNE,Laxmikant Kadam,21794,FL-II 51,Civil,JB
S Wine ( Deepak Wines),DECCAN-SHIVAJINAGAR,FD/PUNE/DEC 18/12,REST OF MAHARASHTRA,PUNE,Harish Deokule,21850,FL-II 240,Civil,THC
Venus Wines (Sanaswadi),SHIRUR,FD/PUNE/DEC 18/14,REST OF MAHARASHTRA,PUNE,Rakesh Lokhande,81666,FL II-304,Civil,JB
Angoor Wines,SATARA ROAD,FD/PUNE/DEC 18/15,REST OF MAHARASHTRA,PUNE,Harish Deokule,8243,FL-II 133,Civil,THC
Pravin Wines (Globe),BHOSARI,FD/PUNE/DEC 18/16,REST OF MAHARASHTRA,PUNE,AMIT KAWALE,20214,FL-II 24,Civil,THC
Diamond Wines,KONDHWA,FD/PUNE/DEC 18/17,REST OF MAHARASHTRA,PUNE,Laxmikant Kadam,10715,FL-II-261,Civil,JB
Parekh Enterprises,MEENAL_PANAJI/PATO,IR/GOA/FEB 18/2,GOA,GOA-N,Meenal Kansara,19752,IMFL/WS/102 And FCL/PB/85,Civil,THC
Parekh Enterprises,MEENAL_PANAJI/PATO,IR/GOA/FEB 18/3,GOA,GOA-N,Meenal Kansara,19752,IMFL/WS/102 And FCL/PB/85,Civil,THC
Cheers Wine Shop,DEVENDRA_PANAJI/PATO,IR/GOA/FEB 18/4,GOA,GOA-N,Devendra Pawar,10055,FCL/PB/100,Civil,THC
Magsons Supercentre,MEENAL_PANAJIM/DONA PAULA/TALEIGAO,IR/GOA/FEB 18/5,GOA,GOA-N,Meenal Kansara,17116,FL/PB/32,Civil,THC
Oxford Arcade,MEENAL_ARPORA/ANJUNA/VAGATOR,FD/GOA/DEC 18/1,GOA,GOA-N,Meenal Kansara,19350,FL/PB/18,Civil,THC
Newtons Arcade,MEENAL_VEREM/CANDOLIM/NERUL,FD/GOA/DEC 18/2,GOA,GOA-N,Meenal Kansara,19073,FCL/PB/438 And FL/PB/22,Civil,THC
Naik Wine Mart,MAHESH_MARGAO,FD/GOA/DEC 18/3,GOA,GOA-S,Mahesh Naik,18517,FCL/PB/706 And FL/PB/69 And WS/IMFL/74,Civil,THC
K-4 Super Market,MAHESH_BENAULIM-MOBOR,FD/GOA/DEC 18/4,GOA,GOA-S,Mahesh Naik,41532,RS/FCL/2160/PB And RS/FL/103/PB,Civil,THC
Magsons Supercentre (Family Mart) -Anjuna,Non Relevant,FD/GOA/DEC 18/5,GOA,GOA-N,Saasforce Admin,81609,FCL/PB/489,Civil,THC
Parekh Liquor Mart -Panaji,DEVENDRA_PANAJI/PATO,FD/GOA/DEC 18/7,GOA,GOA-N,Devendra Pawar,80927,FCL/PB/404 And FL/PB/98,Civil,THC
Premdatta Traders,MAHESH_CANACONA- POLLEM,FD/GOA/DEC 18/8,GOA,GOA-S,Mahesh Naik,20244,RS/FCL/PB/3,Civil,THC
Vaz Enterprises,MAHESH_MARGAO,FD/GOA/DEC 18/9,GOA,GOA-S,Mahesh Naik,27893,WS/IMFL/36,Civil,THC
S.K. Liquors - Andheri East,ANDHERI 1/THURSDAY,FD/MUM/OCT18/1,MUMBAI STATE,MUMBAI,Sagar R Wagh,21943,FL-II-355,Civil,THC
Pinky Wines - Bandra West,Bandra w,FD/MUM/NOV18/1,MUMBAI STATE,MUMBAI,Vishal Kendale,19942,FL-II-288,Civil,THC
CSD - Ahmedabad,Non Relevant,IR/AHM/JUN 18/1,GUJARAT,GUJRAT,Saasforce Admin,82078,0,CSD,THC
Dane G DSouza,Thalapady,FD/MANG/AUG-18/1,KARNATAKA,MANGALORE,Avinash Mendon,55274,13509,Civil,THC
M.Vishwanatha Shetty KSBCL - MANGALURU,KSRTC,FD/MANG/AUG-18/2,KARNATAKA,MANGALORE,Avinash Mendon,74877,14673,Civil,THC
Ramesh Naik D,Mangalore local,FD/MANG/AUG-18/3,KARNATAKA,MANGALORE,Avinash Mendon,21234,5581,Civil,THC
Robert J. Dsouza,Mallikatte,FD/MANG/SEP-18/1,KARNATAKA,MANGALORE,Avinash Mendon,21578,5544,Civil,THC
Robert J. Dsouza KSBCL - MANGALURU-2,KSRTC,FD/MANG/SEP-18/2,KARNATAKA,MANGALORE,Avinash Mendon,54584,13491,Civil,THC
Wines And Spiritz,Mangalore local,FD/MANG/SEP-18/3,KARNATAKA,MANGALORE,Avinash Mendon,35678,11137,Civil,THC
Kasturi V Shetty,Udupi City,FD/MANG/SEP-18/4,KARNATAKA,UDUPI,Nagabooshana Kamath,33805,9566,Civil,THC
Dinesh B Shetty KSBCL - UDUPI,manipal,FD/MANG/AUG-18/5,KARNATAKA,UDUPI,Nagabooshana Kamath,76264,14991,Civil,THC
Status Wines Purvaa Hegde,Hemmadi,FD/MANG/AUG-18/6,KARNATAKA,UDUPI,Nagabooshana Kamath,83064,16422,Civil,THC
Nadumane Liquors And Wines - Kundapura,Bramhavara,FD/MANG/AUG-18/7,KARNATAKA,UDUPI,Nagabooshana Kamath,96827,17830,Civil,THC
B. Narayanaswamy,JP Nagar-1,FD/BAN/JUN-18/1,KARNATAKA,BANGALORE,Vasanth Kumar,8924,41317,Civil,THC
42491-Mr K E Rajappa,Brookfield,FD/BAN/MAY-18/4,KARNATAKA,BANGALORE,Ashok GN,145379,42491,Civil,THC
D. K. Kumar,Banasawadi,FD/BAN/MAY-18/3,KARNATAKA,BANGALORE,Hari Prasad,10372,41346,Civil,THC
Globe Traders,New Bell Road,FD/BAN/MAY-18/5,KARNATAKA,BANGALORE,Nikhil Lokesh,11898,40925,Civil,THC
H S Krishna,Indranagar 2,FD/BAN/JUN-18/6,KARNATAKA,BANGALORE,Hari Prasad,12245,40352,Civil,THC
42377-Smt Gowramma,Banasawadi,IR/BAN/SEP-17/4,KARNATAKA,BANGALORE,Hari Prasad,144540,42377,Civil,THC
R N Sohankumar - Kengeri,RR nagara,IR/BAN/MAR-18/2,KARNATAKA,BANGALORE,Dushyant ND,106796,18479,Civil,THC
Drops/Narayana B,INDRANAGAR,FD/BAN/MAR-18/1,KARNATAKA,BANGALORE,Hari Prasad,82767,16101,Civil,THC
G. Dayanand,Basaveshwara Nagar,FD/BAN/JUL-18/11,KARNATAKA,BANGALORE,Dileep Kumar,11232,12760,Civil,THC
Jayalakshmi. A,BTM,FD/BAN/AUG-18/1,KARNATAKA,BANGALORE,Suman VH,13698,696,Civil,THC
K R Anand,Yelahanka,FD/BAN/SEP-18/5,KARNATAKA,BANGALORE,Girish MC,13876,10764,Civil,THC
42794-K T Govind And K T Sheshagiri,HSR-1,FD/BAN/JUL-18/2,KARNATAKA,BANGALORE,Dinesh Kumar,156551,42794,Civil,THC
Veena Anand,Yelahanka,FD/BAN/JUL-18/7,KARNATAKA,BANGALORE,Girish MC,27902,40365,Civil,THC
Lakshmi Enterprises,Banashankari,FD/BAN/AUG-18/4,KARNATAKA,BANGALORE,Vasanth Kumar,50568,11538,Civil,THC
Liquor House Ksbcl - Sakalavara-2,JP Nagar-1,IR/BAN/MAR-18/3,KARNATAKA,BANGALORE,Vasanth Kumar,137781,41858,Civil,THC
D S Veeranjaneya,HSR-2,IR/BAN/APR-18/2,KARNATAKA,BANGALORE,Dinesh Kumar,90290,16808,Civil,THC
M/S Metro Cash And Carry India Pvt Ltd,KKP Road,FD/BAN/JUL-18/4,KARNATAKA,BANGALORE,Vasanth Kumar,16090,709,Civil,THC
Narayana. B Ksbcl - Doddaballapura,Hennuru Rd-1,IR/BAN/SEP-17/1,KARNATAKA,BANGALORE,Harish YS,139216,41948,Civil,THC
N T Narayan KSBCL - KAMMANAHALLI,BTM,FD/BAN/JUN-18/4,KARNATAKA,BANGALORE,Suman VH,65290,14224,Civil,THC
Metro Cash & Carry India Pvt Ltd KSBCL - SAKALAVARA-1,RR nagara 1,FD/BAN/JUL-18/9,KARNATAKA,BANGALORE,Dushyant ND,56285,13581,Civil,THC
Chennakeshava Reddy R And Srinivasa Reddy Ksbcl - Kg Halli,INDRANAGAR,FD/BAN/MAY-18/2,KARNATAKA,BANGALORE,Hari Prasad,92919,17349,Civil,THC
N. Srinivas Santosh Wines,Moodalapalya,FD/BAN/SEP-18/2,KARNATAKA,BANGALORE,Dileep Kumar,18445,2949,Civil,THC
P. Vijayababu,E CITY,FD/BAN/JUN-18/5,KARNATAKA,BANGALORE,Suman VH,41793,11595,Civil,THC
R Ravikumar KSBCL - KOTHANUR,Banasawadi 1,FD/BAN/SEP-18/4,KARNATAKA,BANGALORE,Nikhil Lokesh,76060,14837,Civil,THC
S Krishnappa KSBCL - PEENYA,HEBBALA,IR/BAN/SEP-17/3,KARNATAKA,BANGALORE,Nikhil Lokesh,57651,13890,Civil,THC
Konfidence Retails Pvt Ltd,HEBBALA,FD/BAN/JUL-18/6,KARNATAKA,BANGALORE,Nikhil Lokesh,34098,11116,Civil,THC
Sri.N.Thimmappa,Hemmadi,FD/BAN/JUL-18/5,KARNATAKA,UDUPI,Nagabooshana Kamath,51435,9573,Civil,THC
Saraswahi M,RR nagara 2,FD/BAN/AUG-18/5,KARNATAKA,BANGALORE,Dushyant ND,23104,10601,Civil,THC
Shivakumar P,C V Raman Nagar,FD/BAN/MAY-18/1,KARNATAKA,BANGALORE,Hari Prasad,51200,13249,Civil,THC
V Lakshmamma Ksbcl - Sakalavara-2,Madiwala,FD/BAN/JUL-18/1,KARNATAKA,BANGALORE,Suman VH,121327,19490,Civil,THC
Suraj Kumar Kallya,RR nagara,FD/BAN/AUG-18/2,KARNATAKA,BANGALORE,Dushyant ND,26460,40988,Civil,THC
V.Vijetha - Kammanahalli,KORMANGALA,IR/BAN/MAR-18/4,KARNATAKA,BANGALORE,Dinesh Kumar,106398,18396,Civil,THC
V. Srinivas,C V Raman Nagar,FD/BAN/SEP-18/3,KARNATAKA,BANGALORE,Hari Prasad,27691,41495,Civil,THC
Venkateshwara Enterprises,E-City,FD/BAN/JUN-18/3,KARNATAKA,BANGALORE,Dinesh Kumar,36662,11221,Civil,THC
Narayana B,Bellandur,FD/BAN/SEP 18/1,KARNATAKA,BANGALORE,Ashok GN,82731,16106,Civil,THC
Drops/Prashanth B,New Bell Road,FD/BAN/SEP 18/6,KARNATAKA,BANGALORE,Nikhil Lokesh,82772,16103,Civil,THC
R. Manjunath,Hosakote Main Road,FD/BAN/SEP 18/7,KARNATAKA,BANGALORE,Ashok GN,20639,41324,Civil,THC
Sanjay R. Asrani,Rajajinagar,FD/BAN/SEP 18/8,KARNATAKA,BANGALORE,Girish MC,22936,41216,Civil,THC
Veena Anand,New Airport Rorad,FD/BAN/SEP 18/11,KARNATAKA,BANGALORE,Harish YS,27901,40704,Civil,THC
Metro Cash And Carry India Private Ltd.,Rajajinagar-2,FD/BAN/SEP 18/12,KARNATAKA,BANGALORE,Purushotam KM,35646,11212,Civil,THC
S. N. Subba Reddy,MARATHHALLI,FD/BANG/OCT 18/1,KARNATAKA,BANGALORE,Ashok GN,22009,12727,Civil,THC
M/S Metro Cash And Carry India Pvt Ltd,KKP Road,FD/BANG/OCT 18/2,KARNATAKA,BANGALORE,Vasanth Kumar,16090,709,Civil,JB
D Varalakshmi,Banasawadi,FD/BANG/OCT 18/3,KARNATAKA,BANGALORE,Hari Prasad,92271,17213,Civil,THC
N. Srinivas Santosh Wines,Moodalapalya,FD/BAN/SEP 18/13,KARNATAKA,BANGALORE,Dileep Kumar,18445,2949,Civil,JB
Swaraj P Chini,Basavanagudi 2,FD/BANG/OCT 18/4,KARNATAKA,BANGALORE,Purushotam KM,135587,41727,Civil,THC
Ranjitha. H,DBP RD -1,FD/BANG/OCT 18/5,KARNATAKA,BANGALORE,Harish YS,21300,41258,Civil,THC
K R Anand,Yelahanka,FD/BANG/OCT 18/6,KARNATAKA,BANGALORE,Girish MC,13876,10764,Civil,JB
Deepak.M.Das KSBCL - PEENYA,HEBBALA,FD/BANG/OCT 18/7,KARNATAKA,BANGALORE,Nikhil Lokesh,74906,14817,Civil,THC
Drops/Prashanth B,New Bell Road,FD/BANG/OCT 18/9,KARNATAKA,BANGALORE,Nikhil Lokesh,82772,16103,Civil,JB
R. R. Spirit (Mmd Enterprises),BTM 3,FD/BANG/NOV 18/1,KARNATAKA,BANGALORE,Suman VH,20676,41312,Civil,THC
J Shashikala KSBCL - SAKALAVARA-2,Wall Bay,FD/BANG/NOV 18/2,KARNATAKA,BANGALORE,Saasforce Admin,73116,14636,Civil,THC
Narayana B,Bellandur,FD/BANG/NOV 18/3,KARNATAKA,BANGALORE,Ashok GN,82731,16106,Civil,JB
Ashok.S.C KSBCL - HEBBALA,New Airport Rorad,FD/BANG/NOV 18/4,KARNATAKA,BANGALORE,Harish YS,119044,19302,Civil,THC
S R Navalihiremath,Gandhi Nagar 2,FD/BANG/NOV 18/5,KARNATAKA,BANGALORE,Purushotam KM,135553,41714,Civil,THC
M. Savitha,Btm 1,FD/BANG/NOV 18/6,KARNATAKA,BANGALORE,Suman VH,15761,41010,Civil,THC
S. N. Subba Reddy,Bellandur,FD/BANG/NOV 18/7,KARNATAKA,BANGALORE,Ashok GN,22011,3210,Civil,THC
B. Sampath Kumar,JP Nagar,FD/BANG/NOV 18/8,KARNATAKA,BANGALORE,Vasanth Kumar,8790,40590,Civil,THC
K. Kumar,KKP Road,FD/BANG/NOV 18/9,KARNATAKA,BANGALORE,Vasanth Kumar,14076,41581,Civil,THC
N Sulochana KSBCL - SAKALAVARA-2,JP Nagar-2,FD/BANG/NOV 18/10,KARNATAKA,BANGALORE,Vasanth Kumar,76269,15059,Civil,THC
A. Rita,Hennuru Rd-1,EDG/BAN/NOV 18/13,KARNATAKA,BANGALORE,Harish YS,35848,11311,Civil,THC
N Sulochana KSBCL - SAKALAVARA-2,JP Nagar-2,FD/BANG/NOV 18/14,KARNATAKA,BANGALORE,Vasanth Kumar,76269,15059,Civil,JB
42767-Akash R Joshi,Padmanabhanagar,FD/BANG/NOV 18/16,KARNATAKA,BANGALORE,Dileep Kumar,156540,42767,Civil,THC
Veena Anand Ksbcl - Doddaballapura,Yelahanka,FD/BANG/NOV 18/17,KARNATAKA,BANGALORE,Girish MC,126927,19876,Civil,THC
B Sampath Kumar KSBCL - SAKALAVARA-1,KKP Road,FD/BANG/NOV 18/18,KARNATAKA,BANGALORE,Vasanth Kumar,65740,14323,Civil,THC
R. Suresh Kumar,ITPL ROAD,FD/BANG/NOV 18/19,KARNATAKA,BANGALORE,Ashok GN,20736,41338,Civil,THC
Lakshmegowda KSBCL - KENGERI,Hosakarehalli,FD/BANG/NOV 18/20,KARNATAKA,BANGALORE,Vasanth Kumar,61367,14111,Civil,THC
Rajeswari KSBCL - WHITE FIELD,Bellandur,FD/BANG/NOV 18/22,KARNATAKA,BANGALORE,Ashok GN,73131,14637,Civil,THC
42797-S Paranjyothi,Koramangala,FD/BANG/NOV 18/23,KARNATAKA,BANGALORE,Suman VH,156898,42797,Civil,THC
Golden Palms CSD - Banglore,Non Relevant,FD/BANG/NOV 18/28,KARNATAKA,BANGALORE,Saasforce Admin,82217,0,CSD,THC
N Venkatesh - Doddaballapura,Yelahanka,EDG/BANG/DEC 18/4,KARNATAKA,BANGALORE,Harish YS,108856,18861,Civil,THC
G Arvind Ramaswamy - Madanayakanahalli,New Bell Road,EDG/BANG/DEC 18/6,KARNATAKA,BANGALORE,Nikhil Lokesh,107098,18551,Civil,THC
S N VENKATESH KSBCL - HEBBALA,HEBBALA 1,EDG/BANG/DEC 18/7,KARNATAKA,BANGALORE,Nikhil Lokesh,119043,19278,Civil,THC
Muthu Liquor House Omkumar Chandrasekar (Ksbcl - Hongasandra),HSR-2,EDG/BANG/DEC 18/8,KARNATAKA,BANGALORE,Dinesh Kumar,84077,16479,Civil,THC
Shrikara Srinivasa,Banasawadi,FD/BANG/DEC 18/1,KARNATAKA,BANGALORE,Hari Prasad,130147,19934,Civil,THC
B. M. Chandrashekar,E-City,FD/BANG/DEC 18/2,KARNATAKA,BANGALORE,Dinesh Kumar,35603,11260,Civil,THC
Manu spirits/Chikkammayya KSBCL - KAMMANAHALLI,Begur Road,FD/BANG/DEC 18/3,KARNATAKA,BANGALORE,Suman VH,82356,15954,Civil,THC
Metro Cash And Carry India Pvt Ltd,E-City,EDG/BANG/DEC 18/14,KARNATAKA,BANGALORE,Dinesh Kumar,18015,10799,Civil,THC
Metro Cash & Carry India Pvt. Ltd KSBCL - WHITE FIELD,Brookfield,EDG/BANG/DEC 18/15,KARNATAKA,BANGALORE,Ashok GN,53952,13425,Civil,THC
Samico,Sector 17 D&E Market,AUN/CHD/SEP 18/3,CHANDIGARH,CHANDIGARH,Aditya Gupta,104369,0,Civil,THC
M/S Milap Liquor,Sector-22 Route-B,AUN/CHD/AUG 18/1,CHANDIGARH,CHANDIGARH,Aditya Gupta,104357,0,Civil,THC
M/S Alcoprime Distilleries Pvt Ltd,Madhya Marg-S,AUN/CHD/JUN 18/2,CHANDIGARH,CHANDIGARH,Sourabh Dhingra,104354,0,Civil,THC
Liquor World Ventrure (P) Ltd,Madhya Marg-G,AUN/CHD/JUN 18/3,CHANDIGARH,CHANDIGARH,Sourabh Dhingra,34381,0,Civil,THC
Liquor World Ventrure (P) Ltd,Madhya Marg-G,AUN/CHD/AUG 18/2,CHANDIGARH,CHANDIGARH,Sourabh Dhingra,34381,0,Civil,THC
CSD - Chandigarh,Non Relevant,AUN/CHD/AUG 18/4,CHANDIGARH,CHANDIGARH,Saasforce Admin,82080,0,CSD,THC
Kushal Singh,Sec 35,AUN/CHD/NOV 18/1,CHANDIGARH,CHANDIGARH,ANOOP KUMAR,82233,0,CSD,THC
Sarmala Chowk,Ludhiana,AUN/CHD/NOV 18/5,PUNJAB,LUDHIANA,Deepak Gupta,82237,0,CSD,THC
Jamalpur 1,Ludhiana,AUN/CHD/NOV 18/6,PUNJAB,LUDHIANA,Deepak Gupta,82238,0,CSD,THC
South City,Ludhiana,AUN/CHD/NOV 18/7,PUNJAB,LUDHIANA,Deepak Gupta,82239,0,CSD,THC
Saggu Chowk,Ludhiana,AUN/CHD/NOV 18/8,PUNJAB,LUDHIANA,Sawan Malhan,82240,0,CSD,THC
Libra Chowk,Ludhiana,Aun/1,PUNJAB,LUDHIANA,Sawan Malhan,82665,0,CSD,THC
Rohit Verma,Non Relevant,IR/DEL/OCT 17/1,DELHI,SOUTH DELHI,Saasforce Admin,33627,0,Civil,THC
Buddy T2Delhi Retail Pvt Ltd,Non Relevant,AUN/DEL/SEP18/1,DELHI,NEW DELHI,Saasforce Admin,82081,0,CSD,THC
Spencer`s Retail Ltd,MG Road,IR/GGN/NOV 17/1,HARYANA,GURUGRAM,Saasforce Admin,36665,0,Civil,THC
Le Marche /DS GROUP/2018-19,Golf Course Road,IR/GGN/NOV 17/2,HARYANA,GURUGRAM,Saasforce Admin,77956,0,Civil,THC
Sector-31/Chlast Retail Private Limited/2023-24/Zgre36,Huda City Centre,IR/GGN/NOV 17/3,HARYANA,GURUGRAM EAST,ABHIMANU SINGH,153893,0,Civil,THC
DSOI CSD,Non Relevant,AUN/GGN/NOV 18/1,HARYANA,GURUGRAM,Saasforce Admin,82082,0,CSD,THC
Epicure /Penguin overseas Pvt ltd/2018-19,Golf Course Road,PR/GGN/DEC 18/1,HARYANA,GURUGRAM,Saasforce Admin,78006,0,Civil,THC
Filmnagar Wine Mart,Non Relevant,FD/HYD/NOV 18/1,TELANGANA,HYDERABAD,Saasforce Admin,123095,2101145,Civil,THC
Hyderabad Wine Mart-2017,Non Relevant Outlet,FD/HYD/NOV 18/2,TELANGANA,HYDERABAD,Saasforce Admin,71773,1702143,Civil,THC
Sri Sai Wines,Non Relevant,FD/HYD/NOV 18/3,TELANGANA,HYDERABAD,Saasforce Admin,123102,2101221,Civil,THC
M/S. J.N.V Liquor Mall,Non Relevant,FD/HYD/NOV 18/4,TELANGANA,HYDERABAD,Saasforce Admin,124116,2100728,Civil,THC
M/S. Downtown Liquors,Non Relevant Outlet,FD/HYD/NOV 18/5,TELANGANA,HYDERABAD,Saasforce Admin,95945,1901990,Civil,THC
M/S. House Of Spirits,Non Relevant,FD/HYD/NOV 18/6,TELANGANA,HYDERABAD,Saasforce Admin,124080,2100123,Civil,THC
Balaji Wines,Non Relevant Outlet,FD/HYD/NOV 18/7,TELANGANA,HYDERABAD,Saasforce Admin,93609,1900310,Civil,THC
M/S. Bangaram Wines,Non Relevant,FD/HYD/NOV 18/8,TELANGANA,HYDERABAD,Saasforce Admin,124754,2101037,Civil,THC
Asain Wines,Non Relevant,FD/HYD/NOV 18/9,TELANGANA,HYDERABAD,Saasforce Admin,123018,2101685,Civil,THC
Spencers Retail Ltd,Non Relevant,FD/HYD/NOV 18/10,TELANGANA,HYDERABAD,Saasforce Admin,123003,2101561,Civil,THC
Kuldeep Wine(Hn) (Walk In Store),Non Relevant,FD/HYD/NOV 18/11,TELANGANA,HYDERABAD,Saasforce Admin,123048,2102067,Civil,THC
Sri Amrut Wine Mart,Non Relevant,FD/HYD/NOV 18/12,TELANGANA,HYDERABAD,Saasforce Admin,122997,2101502,Civil,THC
Sri Amrut Wine Mart,Non Relevant,FD/HYD/NOV 18/13,TELANGANA,HYDERABAD,Saasforce Admin,122997,2101502,Civil,JB
M/S. Seven Hills Wines,Non Relevant,EDG/HYD/NOV 18/1,TELANGANA,HYDERABAD,Saasforce Admin,124168,2101787,Civil,THC
Ujwala Liquor Mart,Non Relevant,EDG/HYD/NOV 18/2,TELANGANA,HYDERABAD,Saasforce Admin,123070,2100791,Civil,THC
M/S Sri Aadhya Liquors,Non Relevant Outlet,EDG/HYD/NOV 18/3,TELANGANA,HYDERABAD,Saasforce Admin,94384,1901394,Civil,THC
M/S. Manju Wines,Non Relevant Outlet,EDG/HYD/NOV 18/4,TELANGANA,HYDERABAD,Saasforce Admin,93804,1902023,Civil,THC
Sathya Wines,Non Relevant,EDG/HYD/NOV 18/5,TELANGANA,HYDERABAD,Saasforce Admin,123125,2101340,Civil,THC
Savera Liquor Mart,Non Relevant,EDG/HYD/NOV 18/6,TELANGANA,HYDERABAD,Saasforce Admin,124643,2101137,Civil,THC
High Spiritz Elite Unit Of Amravathi,Non Relevant,EDG/HYD/NOV 18/7,TELANGANA,HYDERABAD,Saasforce Admin,124701,2102087,Civil,THC
Sri Balaji Wines,Non Relevant,EDG/HYD/NOV 18/8,TELANGANA,HYDERABAD,Saasforce Admin,123041,2101963,Civil,THC
M/S Kwality Wines,Non Relevant,EDG/HYD/NOV 18/9,TELANGANA,HYDERABAD,Saasforce Admin,122993,2101367,Civil,THC
Sri Kanakadurga Wines,Non Relevant Outlet,EDG/HYD/NOV 18/10,TELANGANA,HYDERABAD,Saasforce Admin,93313,1900452,Civil,THC
New Bhavani Wines,Non Relevant,EDG/HYD/NOV 18/11,TELANGANA,HYDERABAD,Saasforce Admin,123011,2101609,Civil,THC
Sri Balaji Wines Kachiguda,Non Relevant,EDG/HYD/NOV 18/12,TELANGANA,HYDERABAD,Saasforce Admin,123051,2102104,Civil,THC
Ssr Liquor Mart,Non Relevant,EDG/HYD/NOV 18/13,TELANGANA,HYDERABAD,Saasforce Admin,124652,2101328,Civil,THC
Anu Wines,Non Relevant,EDG/HYD/NOV 18/14,TELANGANA,HYDERABAD,Saasforce Admin,125262,2101084,Civil,THC
Hyderabad Wine Mart,Non Relevant,EDG/HYD/NOV 18/15,TELANGANA,HYDERABAD,Saasforce Admin,123144,2101473,Civil,THC
Bagga Wines,Non Relevant,EDG/HYD/NOV 18/17,TELANGANA,HYDERABAD,Saasforce Admin,123049,2102094,Civil,THC
M/S.Sangeetha Wines,Non Relevant,EDG/HYD/NOV 18/19,TELANGANA,HYDERABAD,Saasforce Admin,124170,2101808,Civil,THC
Banjara One Liquors,Non Relevant,EDG/HYD/DEC 18/1,TELANGANA,HYDERABAD,Saasforce Admin,123147,2101484,Civil,THC
Bagga Wines,Non Relevant Outlet,EDG/HYD/DEC 18/2,TELANGANA,HYDERABAD,Saasforce Admin,93424,1901453,Civil,JB
Liquor Bank,Non Relevant,EDG/HYD/DEC 18/3,TELANGANA,HYDERABAD,Saasforce Admin,123084,2101074,Civil,THC
M/S. Metro Cash andAmp Carry India Pvt. Ltd.,Non Relevant,EDG/HYD/DEC 18/4,TELANGANA,HYDERABAD,Saasforce Admin,124160,2101723,Civil,THC
M/S. Metro Cash andAmp Carry India Pvt. Ltd.,Non Relevant,EDG/HYD/DEC 18/5,TELANGANA,HYDERABAD,Saasforce Admin,124160,2101723,Civil,JB
Svd Spirits,Non Relevant,EDG/HYD/DEC 18/6,TELANGANA,HYDERABAD,Saasforce Admin,124622,2100162,Civil,THC
A andT Wine Mart,Non Relevant,FD/HYD/DEC 18/1,TELANGANA,HYDERABAD,Saasforce Admin,124183,2102184,Civil,THC
A andT Wine Mart,Non Relevant,FD/HYD/DEC 18/2,TELANGANA,HYDERABAD,Saasforce Admin,124183,2102184,Civil,JB
Mallik Wines,Non Relevant,FD/HYD/DEC 18/3,TELANGANA,HYDERABAD,Saasforce Admin,123161,2101627,Civil,THC
Hyderabad Wine Mart-2017,Non Relevant Outlet,EDG/HYD/DEC 18/7,TELANGANA,HYDERABAD,Saasforce Admin,71773,1702143,Civil,JB
M/S Kachiguda Wines,Non Relevant,FD/HYD/DEC 18/5,TELANGANA,HYDERABAD,Saasforce Admin,125257,2101634,Civil,THC
M/S. Laxmi Wines,Non Relevant Outlet,EDG/HYD/DEC 18/9,TELANGANA,HYDERABAD,Saasforce Admin,94410,1901760,Civil,THC
M/S Sathya Wines,Non Relevant,EDG/HYD/DEC 18/10,TELANGANA,HYDERABAD,Saasforce Admin,123203,2102165,Civil,THC
Priyanka Wines,Non Relevant,EDG/HYD/DEC 18/11,TELANGANA,HYDERABAD,Saasforce Admin,123097,2101166,Civil,THC
M/S Manju Wines,Non Relevant Outlet,EDG/HYD/DEC 18/13,TELANGANA,YADADRI,Saasforce Admin,93123,1901717,Civil,THC
M/.S Satyam Wines,Non Relevant Outlet,EDG/HYD/DEC 18/14,TELANGANA,HYDERABAD,Saasforce Admin,93802,1902000,Civil,THC
Sri Balaji Wines,Non Relevant,EDG/HYD/DEC 18/15,TELANGANA,HYDERABAD,Saasforce Admin,123044,2101997,Civil,THC
CSD TASA,Non Relevant Outlet,EDG/HYD/DEC 18/17,TELANGANA,HYDERABAD,Saasforce Admin,82658,0,CSD,THC
CSD AOC,Non Relevant Outlet,EDG/HYD/DEC 18/18,TELANGANA,HYDERABAD,Saasforce Admin,82659,0,CSD,THC
K. Harinath,Rajajinagar,EDG/BANG/DEC 18/20,KARNATAKA,BANGALORE,Girish MC,14048,2898,Civil,THC
Oscars Junction Super Market,MAHESH_COLVA-CANSAULIM,FD/GOA/JAN19/1,GOA,GOA-S,Mahesh Naik,19345,RS/FCL/PB/2158,Civil,THC
Oscars Junction Super Market,MAHESH_COLVA-CANSAULIM,FD/GOA/JAN19/2,GOA,GOA-S,Mahesh Naik,19345,RS/FCL/PB/2158,Civil,JB
Chankara (CSD Jaipur),Non Relevant,AUN/JAI/MAR 18/2,RAJASTHAN,JAIPUR,Saasforce Admin,84200,0,CSD,THC
CSD Ramgarh,Non Relevant,AUN/JH/MAR 18/1,JHARKHAND,RAMGARH,Amit Maity,84199,0,CSD,THC
Buddy Distribution (Pvt) Ltd,Non Relevant,PR/DEL/JAN19/1,DELHI,WEST DELHI,Saasforce Admin,29267,0,Civil,THC
Srinivasa S C Ksbcl - White Field,C V Raman Nagar,FD/BANG/DEC 18/8,KARNATAKA,BANGALORE,Hari Prasad,81051,15734,Civil,THC
CSD Secunderabad,Non Relevant,EDG/HYD/DEC 18/19,TELANGANA,SECUNDERABAD,Saasforce Admin,84233,0,Civil,THC
M N Dileep Kumar,JP Nagar-1,FD/BANG/DEC 18/7,KARNATAKA,BANGALORE,Vasanth Kumar,90631,16980,Civil,THC
Madhuloka Liquor Boutique Pvt Ltd KSBCL - WHITE FIELD,Bellandur,FD/BANG/DEC 18/9,KARNATAKA,BANGALORE,Ashok GN,82341,15943,Civil,THC
Kings Wine - Powai,VIKHROLI,FD/MUM/May19/1,MUMBAI STATE,MUMBAI,Ankit Bagaria,14730,FL-II-381,Civil,THC
Crystal Wines - Malad West,Malad W,FD/MUM/May19/2,MUMBAI STATE,MUMBAI,Amit Devkare,10288,FL-II-68,Civil,THC
Monteiros,Anjelo_Vasco,FD/Goa/June 19/3,GOA,GOA-S,Anjelo Coutinho,18142,0,Civil,THC
Juhu Wines - Juhu,VILE PARLE WEST,FD/MUM/June 19/1,MUMBAI STATE,MUMBAI,Amit Devkare,13816,FL-II-148,Civil,THC
Enjay Wines - Andheri East,ANDHERI 1/THURSDAY,FD/MUM/June 19/2,MUMBAI STATE,MUMBAI,Sagar R Wagh,11018,FL-II-287,Civil,THC
Liquid Library - Powai,VIKHROLI,FD/MUM/June 19/3,MUMBAI STATE,MUMBAI,Ankit Bagaria,26223,FL-II-26,Civil,THC
Spencers Retail Ltd KSBCL - KG HALLI,Indranagar 2,FD/BAN/June 19/1,KARNATAKA,BANGALORE,Hari Prasad,56335,13616,Civil,THC
Toms Wine And Provision Stores,MEENAL_PANAJI/PATO,FD/Goa/June 19/1,GOA,GOA-N,Meenal Kansara,27237,WS/105,Civil,THC
Vipasha Wine - C. B. D.,CBD,FD/Thane/June 19/1,REST OF MAHARASHTRA,THANE,Vishnu Kumawat,45921,178,Civil,THC
Casa Barreto Wine Stores,MEENAL_PANAJI/PATO,FD/GOA/JULY 19/3,GOA,GOA-N,Meenal Kansara,9782,FCL/PB/81,Civil,THC
Delfinos Megamart-Porvorim,DEVENDRA_PORVORIM/SALIGAO,FD/GOA/JULY 19/5,GOA,GOA-N,Devendra Pawar,33071,FCL/PB/670 And FL/PB/225,Civil,THC
Bunny Wines - Bandra,Bandra w,FD/MUM /JULY 19/1,MUMBAI STATE,MUMBAI,Vishal Kendale,9590,FL-II-271,Civil,THC
Diplomat Wines - Andheri East,ANDHERI 1/THURSDAY,FD/MUM /JULY 19/2,MUMBAI STATE,MUMBAI,Sagar R Wagh,10752,FL-II-219,Civil,THC
Ashwin Wines (New) Andheri-W,Andheri West,FD/MUM /JULY 19/4,MUMBAI STATE,MUMBAI,Amit Devkare,120874,0,Civil,THC
Lotus Wine- Andheri West (Pushpalakshmi Wines),Andheri West,FD/MUM /JULY 19/5,MUMBAI STATE,MUMBAI,Amit Devkare,20434,FL-II-374,Civil,THC
Peekay Wines - Crowford Market,Colaba,FD/MUM /JULY 19/6,MUMBAI STATE,MUMBAI,Santosh Pandey,19891,FL-II-97,Civil,THC
Sona Wines - Malad West,Malad W,FD/MUM /JULY 19/7,MUMBAI STATE,MUMBAI,Amit Devkare,24565,FL-II-175,Civil,THC
Golden Star Wines - Kandivli West,KANDIVALI WEST_THURSDAY,FD/MUM /JULY 19/8,MUMBAI STATE,MUMBAI,Amit Devkare,11985,FL-II-195,Civil,THC
Big Boy Wines - Chembur,Chembur 1,FD/MUM /JULY 19/9,MUMBAI STATE,MUMBAI,Ankit Bagaria,9428,FL-II-104,Civil,THC
Esplanade Wine Stores Pvt. Ltd. F.L. Off Shop (21/2006/0046),Central,ENV/KOL/JUL/1,WEST BENGAL,KOLKATA,Debapriya Chakraborty,1876,(21/2006/0046),Civil,THC
Spar Hyper Market /Spar Retails /2019-20,MG Road,IR/GGN/JULY /19/1,HARYANA,GURUGRAM,Saasforce Admin,86620,0,Civil,THC
CSD Ranchi,Non Relevant,AUN/RAN/APR/1,JHARKHAND,RANCHI,Amit Maity,88534,0,CSD,THC
CSD- Station Canteen,Non Relevant,FD/MUM/MAR/1,MUMBAI STATE,MUMBAI,Saasforce Admin,90552,0,CSD,THC
Airforce station,Non Relevant,FD/BAN/APR/1,KARNATAKA,BANGALORE,Saasforce Admin,88533,0,CSD,THC
97 Brigade,Non Relevant,FD/AR/APR/1,REST OF MAHARASHTRA,AURANGABAD,Saasforce Admin,88532,0,CSD,THC
URC Gandhinagar,Non Relevant,FD/GNGR/MAY/1,GUJARAT,GUJRAT-CT,Saasforce Admin,88530,0,CSD,THC
324 Field Regiment,Non Relevant,AUN/JAMSHD/AUG/1,JHARKHAND,RANCHI,Amit Maity,90553,0,CSD,THC
Spencers Retail Ltd (30/2014/0011),South Kolkata,ENV/KOL/AUG/1,WEST BENGAL,KOLKATA,Anirban Ghosh,32202,(30/2014/0011),Civil,THC
Spencers Retail South City Mall (31/2009/0002),South Kolkata,ENV/KOL/AUG/2,WEST BENGAL,KOLKATA,Anirban Ghosh,32201,(31/2009/0002),Civil,THC
Spencers New Town (27/2014/0003),NEW TOWN AND SECTOR 5,ENV/KOL/AUG/3,WEST BENGAL,KOLKATA,Anirban Ghosh,6519,(27/2014/0003),Civil,THC
Spencers - Baguiati (27/2014/0004),South Kolkata,ENV/KOL/AUG/4,WEST BENGAL,KOLKATA,Anirban Ghosh,33936,(27/2014/0004),Civil,THC
Mazda Wines - Powai,VIKHROLI,FD/MUM/AUG/3,MUMBAI STATE,MUMBAI,Ankit Bagaria,17926,FL-II-172,Civil,THC
Lokesh Chopra Jaipur City,Vaishali Nagar,IR/JPR/SEP/1,RAJASTHAN,JAIPUR,Ajaypal Shekhawat,145191,1401354,Civil,THC
Scotts Pvt. Ltd.Fl Off (30/2006/0118),Park Street,ENV/KOL/SEP/3,WEST BENGAL,KOLKATA,Debapriya Chakraborty,5980,(30/2006/0118),Civil,JB
Scotts Pvt. Ltd.Fl Off (30/2006/0118),Park Street,ENV/KOL/SEP/2,WEST BENGAL,KOLKATA,Debapriya Chakraborty,5980,(30/2006/0118),Civil,THC
Spencers Retail Ltd. (31/2012/0004),E M Bypass,ENV/KOL/SEP/1,WEST BENGAL,KOLKATA,Anirban Ghosh,6520,(31/2012/0004),Civil,THC
Pvk Wine Mart,BAJAJ NAGAR,FD/NGP/SEP/1,REST OF MAHARASHTRA,NAGPUR,Manoj Sahu,20456,FL II-48,Civil,THC
Jaikant Wine Shop,Cotton Market,FD/NGP/SEP/2,REST OF MAHARASHTRA,NAGPUR,Manishraj Burrewar,13554,FL II-18,Civil,THC
Tirupati Wines,BUTIBORI TRACK,FD/NGP/SEP/3,REST OF MAHARASHTRA,NAGPUR,Jpaul Makeshwar,27231,FL II-20,Civil,THC
Super Wine Shop,Ring Road,FD/NGP/SEP/4,REST OF MAHARASHTRA,NAGPUR,Manoj Sahu,26415,FL II-74,Civil,THC
Ayub Khan,NS Road,IR/JPR/SEP/7,RAJASTHAN,JAIPUR,Sushil Padhi,144595,1401345,Civil,THC
Rampartap Mahiya Jaipur City,Lal kothi,IR/JPR/SEP/8,RAJASTHAN,JAIPUR,Amit Mathur,109011,1400209,Civil,THC
Arvind Gupta Jaipur City,Lal kothi,IR/JPR/SEP/10,RAJASTHAN,JAIPUR,Amit Mathur,114440,1400635,Civil,THC
Omprakash Jat Jaipur City,Ambabadi,IR/JPR/SEP/11,RAJASTHAN,JAIPUR,Lakhan Singh,128099,1400945,Civil,THC
Najma Bano Jaipur City,Bani Park,IR/JPR/SEP/12,RAJASTHAN,JAIPUR,Lakhan Singh,109109,1400358,Civil,THC
The Liquor Club -Fatorda,MAHESH_BORDA-FATORDA-GOGAL,FD/GOA/SEP 19/5,GOA,GOA-S,Mahesh Naik,84022,RS/FL/141/PB And RS/FCL/2205/PB,Civil,JB
Jaya Suhalka Udaipur,UDR-6,AUN/UDP/SEP19/1,RAJASTHAN,UDAIPUR,DeepakSingh Rathore,135377,2700518,Civil,THC
Mragank Pamecha Udaipur,UDR-6,AUN/UDP/SEP19/2,RAJASTHAN,UDAIPUR,DeepakSingh Rathore,129998,2700423,Civil,THC
Tej Singh Solanki Udaipur,UDR-1,AUN/UDP/SEP19/3,RAJASTHAN,UDAIPUR,DeepakSingh Rathore,145688,2700727,Civil,THC
Drops/Prashanth B,E-City,FD/BAN/SEP 19/1,KARNATAKA,BANGALORE,Dinesh Kumar,82785,16105,Civil,THC
Vinbros And Co,Bussy Street,FD/PUDD/SEP 19/3,PONDICHERRY,PUDUCHERRY,Vinoth Kumar,97083,FL.1/7,Civil,THC
Ravikumar Distilleries Ltd,Bussy Street,FD/PUDD/SEP 19/4,PONDICHERRY,PUDUCHERRY,Rengan P,97047,FL.1/37,Civil,THC
Delfinos Hymart,Pranay_Verem/Candolim/Nerul,FD/GOA/SEP 19/1,GOA,GOA-N,Pranay Gaonkar,10596,FCL/PB/585 And FL/PB/138,Civil,THC
Delfinos Hymart,Pranay_Verem/Candolim/Nerul,FD/GOA/SEP 19/2,GOA,GOA-N,Pranay Gaonkar,10596,FCL/PB/585 And FL/PB/138,Civil,JB
Larani Wines - Andheri East,KALINA/SANTACRUZ SATURDAY,FD/MUM/SEP/1,MUMBAI STATE,MUMBAI,Sagar R Wagh,49034,FL-II-21,Civil,THC
Manjrekar Wine - Santacruze,KALINA/SANTACRUZ SATURDAY,FD/MUM/SEP/2,MUMBAI STATE,MUMBAI,Sagar R Wagh,17668,FL-II-15,Civil,THC
Ashoka Wines,GANGAPUR ROAD,FD/NSK/SEP 19/3,REST OF MAHARASHTRA,GANGAPUR ROAD,Pankaj Aher,8617,FLII/ 71,Civil,THC
Gangapur Wines,GANGAPUR ROAD,FD/NSK/SEP 19/4,REST OF MAHARASHTRA,GANGAPUR ROAD,Pankaj Aher,11647,FLII/ 5,Civil,THC
Govinda Wines,NK-MUM HIGHWAY,FD/NSK/SEP 19/6,REST OF MAHARASHTRA,BOMBAYHIGHWAY,Rakesh Biswal,12053,FLII/ 219,Civil,THC
Mukhi Kishore Wine - Kalyan,KALYAN,FD/Thane/Sep 19/1,REST OF MAHARASHTRA,THANE,Vishnu Kumawat,55822,164,Civil,THC
Octega Green Power And Sug,Non Relevant,FD/Thane/Sep 19/3,REST OF MAHARASHTRA,THANE,Saasforce Admin,19252,FLII/ 241,Civil,THC
Mehak-E-Punjab Axis Mall Rcb - (27/2012/0133),Newtown,ENV/KOL/OCT 19/1,WEST BENGAL,KOLKATA,Dipankar Mandal,71094,(27/2012/0133),Civil,THC
Amarnathmahadevassociates Sirohi,Abu Road,IR/ABU/OCT 19/3,RAJASTHAN,SIROHI,Arun Singh,111198,2400151,Civil,THC
Sampath Kumar Bettaiah - Doddaballapura,Banasawadi,FD/BANG/OCT19/1,KARNATAKA,BANGALORE,Nikhil Lokesh,98310,17932,Civil,THC
Jayalakshmi. A,BTM,FD/BANG/OCT19/2,KARNATAKA,BANGALORE,Suman VH,13698,696,Civil,JB
Tonique,2024 - Banjarahills-Filmnagar,FD/HYD/OCT19/1,TELANGANA,HYDERABAD,Chukka Reddy,57337,1702016,Civil,THC
M/S. Jnv Liquor Mall,Non Relevant Outlet,FD/HYD/OCT19/2,TELANGANA,HYDERABAD,Saasforce Admin,94392,1901526,Civil,JB
H D W/S,Route -4,ENV/GWH/NOV19/3,ASSAM,GUWAHATI,DIPANKAR BORAH,2340,24/97-98,Civil,THC
N And U W/S,4(ZOO ROAD),ENV/GWH/NOV19/2,ASSAM,GUWAHATI,Hrishikesh Bhattacharya,4177,88/2004,Civil,THC
Regetta Stores,Non Relevant,ENV/MGH/NOV19/1,MEGHALAYA,SHILLONG,Aakash Das,5586,Awaiting,Civil,THC
B.N. Dey and Co.,Non Relevant,ENV/MGH/NOV19/2,MEGHALAYA,SHILLONG,Aakash Das,761,Awaiting,Civil,THC
Raj Ballam Prasad,Lal bazar,ENV/GTK/NOV19/1,SIKKIM,LAL BAZAR,Anik Kumar Ganguly,5197,1A/01(PS)/04,Civil,THC
Hotel Heritage Hotel Cum Restaurant Cum Bar (04/2012/0045),Siliguri 3,ENV/SLG/NOV19/1,WEST BENGAL,SILIGURI,Mithilesh kumar Singh,2692,(04/2012/0045),Civil,THC
M/S. House Of Spirits,Non Relevant,FD/HYD/NOV19/1,TELANGANA,HYDERABAD,Saasforce Admin,124080,2100123,Civil,JB
Rajendra K. Bhute,Shamanur Road 1,FD/DEVNG/NOV 19/2,KARNATAKA,DAVANAGERE,Arun Kumar,33900,9958,Civil,THC
Shiva Enterprises Ksbcl - Davangere,Hadadi Road 2,FD/DEVNG/NOV 19/1,KARNATAKA,DAVANGERE,Arun Kumar,121310,19492,Civil,THC
Darshan. V. R,PB Road 1 DVG,FD/DEVNG/NOV 19/4,KARNATAKA,DAVANAGERE,Arun Kumar,35856,11126,Civil,THC
Liquor Mart,Hadadi Road 2,FD/DEVNG/NOV 19/3,KARNATAKA,DAVANAGERE,Arun Kumar,46829,11745,Civil,THC
Ashok Shivhare Jaipur City,Ambabadi,IR/JPR/NOV 19/4,RAJASTHAN,JAIPUR,Lakhan Singh,131412,1401171,Civil,THC
Kusum Bhandari Sarita Rajwanshi Jaipur City,Rajapark,IR/JPR/NOV 19/2,RAJASTHAN,JAIPUR,Lokendra Singh,127891,1400788,Civil,THC
Pratham Wine World,KOTHRUD-PAUD RD,FD/PUNE/NOV 19/1,REST OF MAHARASHTRA,PUNE,Harish Deokule,7752,FL-II 67,Civil,THC
Friends Wines,SHIRUR,FD/PUNE/NOV 19/2,REST OF MAHARASHTRA,PUNE,Rakesh Lokhande,11132,FL-II 26,Civil,THC
Saki Wines,HINJEWADI,FD/PUNE/NOV 19/3,REST OF MAHARASHTRA,PUNE,Rakesh Lokhande,22685,FL-II-60,Civil,THC
Madira Wine - Ravi Peth,KHARADI,FD/PUNE/NOV 19/4,REST OF MAHARASHTRA,PUNE,Laxmikant Kadam,55097,FL-II 98,Civil,thc
Ganesh Marketing -Vasco,Anjelo_Vasco,FD/GOA/NOV 19/1,GOA,GOA-S,Anjelo Coutinho,73605,FCL/PB/775,Civil,THC
Cobra cantin,Non Relevant,AUN/JBP/NOV19/1,MADHYA PRADESH,JABALPUR,Saasforce Admin,92490,0,CSD,THC
Kashish Electricity Services Pvt Lt,Non Relevant,IR/DEL/DEC19/3,DELHI,NORTH DELHI,Saasforce Admin,33539,L10/199,Civil,THC
Fortune Plus Marketing Solution Pvt,Non Relevant,IR/DEL/DEC19/4,DELHI,EAST DELHI CITY,Saasforce Admin,47125,0,Civil,THC
Virender Kaushik,Non Relevant,IR/DEL/DEC19/5,DELHI,NORTH DELHI,Saasforce Admin,29552,0,Civil,THC
M/S. Manjunadha Wines,Non Relevant,FD/HYD/DEC19/3,TELANGANA,HYDERABAD,Saasforce Admin,124123,2101016,Civil,THC
Ujwala Liquor Mart,Non Relevant,FD/HYD/DEC19/5,TELANGANA,HYDERABAD,Saasforce Admin,124817,2101776,Civil,THC
M/S. Shree Renuka Wine Mart,Non Relevant,FD/HYD/DEC19/10,TELANGANA,HYDERABAD,Saasforce Admin,123111,2101262,Civil,THC
Spencers Retail Ltd,Non Relevant,FD/HYD/DEC19/9,TELANGANA,HYDERABAD,Saasforce Admin,123003,2101561,Civil,JB
Metro Cash andAmp Carry,Non Relevant,FD/HYD/NOV19/2,TELANGANA,HYDERABAD,Saasforce Admin,124182,2102168,Civil,thc
CSD Hakimpet Hyd,Non Relevant Outlet,FD/HYD/DEC19/12,TELANGANA,HYDERABAD,Saasforce Admin,94843,0,CSD,thc
Vinayaka Wines,Non Relevant,FD/KNGR/DEC19/3,TELANGANA,KARIMNAGAR,Saasforce Admin,123272,2101674,Civil,thc
Venkateshwara Wines,Non Relevant,FD/KNGR/DEC19/4,TELANGANA,KARIMNAGAR,Saasforce Admin,123290,2101864,Civil,thc
Hamsika Wines,Non Relevant,FD/KNGR/DEC19/5,TELANGANA,KARIMNAGAR,Saasforce Admin,123280,2101752,Civil,thc
Shree Wines,Non Relevant,FD/DHRWD/NOV 19/1,KARNATAKA,DHARWAD,Saasforce Admin,23915,23083,Civil,THC
M/S C. B. Palekar And Co,Sangam Cirlce,FD/DHRWD/NOV 19/2,KARNATAKA,DHARWAD,Girish Hadari,15895,6378,Civil,THC
S Krishnappa S.V.Distributor,INDRANAGAR,FD/BAN/NOV 19/1,KARNATAKA,BANGALORE,Hari Prasad,92894,17261,Civil,THC
S Krishnappa S.V.Distributor,INDRANAGAR,FD/BAN/NOV 19/2,KARNATAKA,BANGALORE,Hari Prasad,92894,17261,Civil,JB
K S Lokesh,Whitefield,FD/BAN/JAN 20/1,KARNATAKA,BANGALORE,Ashok GN,91735,17164,Civil,THC
Ashirwad Wine House,AMRAVATI CITY-1,FD/NGP/DEC19/1,REST OF MAHARASHTRA,AMRAVATI,Dipankar Bhongade,8521,FL II-06,Civil,THC
Prahlad Agency Wine Shop,CBS,FD/AUR/DEC19/1,REST OF MAHARASHTRA,AURANGABAD,Girish S Kulkarni,20095,F.L.II-5,Civil,THC
Golden Peacock Wine Shop,CIDCO,FD/AUR/DEC19/2,REST OF MAHARASHTRA,AURANGABAD,Girish S Kulkarni,11976,F.L.II-8,Civil,THC
Bapuna And Sons W/S,JARIPATKA,FD/NGP/DEC19/4,REST OF MAHARASHTRA,NAGPUR,Rajkumar Chouhan,9210,FL II-43,Civil,THC
Vinayak P Akalwadi,Club Road-HBL,FD/BAN/DEC19/1,KARNATAKA,DHARWAD,Girish Hadari,28302,23091,Civil,THC
1 WEC Delhi Cant,Non Relevant,IR/DEL/DEC19/6,REST OF MAHARASHTRA,NASHIK,Saasforce Admin,94838,0,CSD,THC
NDA,Non Relevant,FD/PUNE/DEC19/2,REST OF MAHARASHTRA,PUNE,Saasforce Admin,94839,0,CSD,thc
Station Canteen Sect,Non Relevant,FD/CHEN/DEC19/1,TAMIL NADU,CHENNAI,Saasforce Admin,94842,0,CSD,thc
CSD Tasa,Non Relevant Outlet,FD/HYD/DEC19/13,TELANGANA,HYDERABAD,Saasforce Admin,94844,0,CSD,thc
Wetern Command Chndimandir,Non Relevant,AUN/CHD/SEP19/1,CHANDIGARH,CHANDIGARH,Saasforce Admin,94845,0,CSD,thc
Erose Wine Shop,JARIPATKA,FD/NGP/NOV 19/2,REST OF MAHARASHTRA,NAGPUR,Rajkumar Chouhan,11027,FL II-30,Civil,thc
Manoj Wines,CBD,FD/THANE/DEC19/1,REST OF MAHARASHTRA,THANE,Vishnu Kumawat,17735,FLII/ 149,Civil,thc
Kusha Wines - Mira Road,MIRA ROAD NORTH,FD/THANE/NOV 19/1,REST OF MAHARASHTRA,THANE,Jayesh Jadhav,76330,260,Civil,thc
Viswas Wine Shop,CIDCO,FD/AUR/DEC19/3,REST OF MAHARASHTRA,AURANGABAD,Girish S Kulkarni,28477,FL-II-24,Civil,thc
Bottom S Up,KOREGAON PARK,FD/PUNE/DEC19/1,REST OF MAHARASHTRA,PUNE,Laxmikant Kadam,9541,FL-II 170,Civil,thc
Savitri Wine-Chapora,MEENAL_ARPORA/ANJUNA/VAGATOR,FD/GOA/NOV 19/6,GOA,GOA-N,Meenal Kansara,23275,WS/IMFL/127,Civil,thc
Namkum- CSD,Non Relevant,ENV/RANCHI/NOV19/1,JHARKHAND,RANCHI,Amit Maity,95670,0,CSD,thc
1 Wetern Command-CSD,Non Relevant,AUN/CHD/NOV 19/1,CHANDIGARH,CHANDIGARH,Saasforce Admin,95671,0,CSD,thc
2 Wetern Command-CSD,Non Relevant,AUN/CHD/NOV 19/2,CHANDIGARH,CHANDIGARH,Saasforce Admin,95672,0,CSD,thc
13Brd Airfoce Catin-CSD,Non Relevant,IR/DEL/NOV19/3,DELHI,NEW DELHI,Saasforce Admin,95673,0,CSD,thc
BSS Chhawla-CSD,Non Relevant,IR/DEL/NOV19/1,DELHI,NEW DELHI,Saasforce Admin,95674,0,CSD,thc
Metro Cash And Carry India Pvt. Ltd. (31/2012/0033),E M Bypass,ENV/KOL/NOV 19/1,WEST BENGAL,KOLKATA,Anirban Ghosh,3977,(31/2012/0033),Civil,thc
Unique Supermarket And Wine Store,Pranay_Calangute/Baga/Arpora,FD/GOA/NOV 19/4,GOA,GOA-N,Pranay Gaonkar,61933,FCL/PB/752FL/PB/301,Civil,thc
Jaiswal Wine Store - Candolim,Pranay_Verem/Candolim/Nerul,FD/GOA/NOV 19/5,GOA,GOA-N,Pranay Gaonkar,94768,RS/FCL/000,Civil,THC
Jaiswal Wine Store - Candolim,Pranay_Verem/Candolim/Nerul,FD/GOA/NOV 19/8,GOA,GOA-N,Pranay Gaonkar,94768,RS/FCL/000,Civil,JB
Savitri Wine-Chapora,MEENAL_ARPORA/ANJUNA/VAGATOR,FD/GOA/NOV 19/9,GOA,GOA-N,Meenal Kansara,23275,WS/IMFL/127,Civil,JB
Amaravathi Wines,Non Relevant,FD/HYD/NOV19/3,TELANGANA,HYDERABAD,Saasforce Admin,124704,2102167,Civil,THC
M/S. Miyapur Wine Mart,Non Relevant,FD/HYD/DEC19/4,TELANGANA,HYDERABAD,Saasforce Admin,124121,2100773,Civil,THC
Wine Corner Liquors,Non Relevant,FD/HYD/DEC19/7,TELANGANA,HYDERABAD,Saasforce Admin,123171,2101766,Civil,THC
Telangana Liquors,Non Relevant,FD/KNGR/DEC19/1,TELANGANA,KARIMNAGAR,Saasforce Admin,123224,2100558,Civil,THC
Chinkara Main,Non Relevant,AUN/JPR/OCT19/1,RAJASTHAN,JAIPUR,Saasforce Admin,92529,0,CSD,thc
Umrao Plaza Nashik,Non Relevant,FD/Nasik /Jan 20/1,REST OF MAHARASHTRA,BOMBAYHIGHWAY,Saasforce Admin,94841,0,CSD,thc
2 Wing AF,Non Relevant,FD/Pune/Jan 20/1,REST OF MAHARASHTRA,PUNE,Saasforce Admin,94840,0,CSD,thc
Rajeshwari H K - Davangere,Shamanur Road 1,FD/DEVNG/NOV 19/5,KARNATAKA,DAVANAGERE,Arun Kumar,95810,17057,Civil,THC
Abhishek V Ksbcl - Attibele,Bellandur,FD/BANG/FEB 20/1,KARNATAKA,BANGALORE,Ashok GN,125861,19779,Civil,THC
155 TA URC - Naya Raipur-CSD,Non Relevant,ENV/RPR/Mar20/1,CHATTISGARH,RAIPUR-CG,Saasforce Admin,98327,0,CSD,THC
CSD NSG Manesar,Non Relevant,IR/MNSR/SEP20/1,HARYANA,GURUGRAM,Saasforce Admin,106673,0,CSD,THC
Sree Wine Park,Non Relevant,FD/HYD/FEB20/3,TELANGANA,HYDERABAD,Saasforce Admin,124625,2100458,Civil,thc
M/S. Hop Stop Liquors,Non Relevant,FD/HYD/OCT20/2,TELANGANA,HYDERABAD,Saasforce Admin,124171,2101828,Civil,THC
M/S. Q Hub Of Beverages,Non Relevant,FD/HYD/OCT20/3,TELANGANA,HYDERABAD,Saasforce Admin,124109,2100444,Civil,THC
Q A Unit Of Uptown Liquor,Non Relevant,FD/HYD/OCT20/4,TELANGANA,HYDERABAD,Saasforce Admin,123056,2100050,Civil,THC
M/S. Q Beyond Water,Non Relevant,FD/HYD/OCT20/5,TELANGANA,HYDERABAD,Saasforce Admin,124122,2100799,Civil,THC
167 Brigate Canteen,Non Relevant,IR/BRLY/AUG20/1,UTTAR PRADESH,SAHAJANPUR,Saasforce Admin,104814,0,Civil,thc
Garud Canteen,Non Relevant,IR/BRLY/AUG20/2,UTTAR PRADESH,Bareilly,Saasforce Admin,104815,0,CSD,thc
Cdm Sainikpuri,Non Relevant Outlet,FD/HYD/FEB20/4,TELANGANA,HYDERABAD,Saasforce Admin,104816,0,CSD,thc
Jaiswal Wine Centre And Company - Kharadi,KHARADI,FD/PUNE/NOV20/1,REST OF MAHARASHTRA,PUNE,Laxmikant Kadam,81667,FL II-305,Civil,THC
S G Fiesta -Panaji,MEENAL_PANAJI/PATO,FD/GOA/DEC 20/1,GOA,GOA-N,Meenal Kansara,79338,FL/PB/97 PB/403,Civil,THC
S G Fiesta -Panaji,MEENAL_PANAJI/PATO,FD/GOA/DEC 20/2,GOA,GOA-N,Meenal Kansara,79338,FL/PB/97 PB/403,Civil,JB
Aradhana Wines- Andheri West,Andheri West,FD/MUM/OCT20/1,MUMBAI STATE,MUMBAI,Amit Devkare,8399,FL-II-230,Civil,THC
T H Bhagya - White Field-2,Sarjapur Road,FD/BANG/OCT20/1,KARNATAKA,BANGALORE,Ashok GN,101937,17990,Civil,THC
Unique Liquor Store,Non Relevant,FD/HYD/DEC20/1,TELANGANA,HYDERABAD,Saasforce Admin,124799,2101617,Civil,THC
Kanakadurga Wines,Non Relevant,FD/HYD/DEC20/2,TELANGANA,HYDERABAD,Saasforce Admin,124708,2102482,Civil,THC
The Whiskey Company,Route -4,ENV/GWH/AUG20/1,ASSAM,GUWAHATI,DIPANKAR BORAH,102059,20/98-99,Civil,THC
The Whiskey Company,Route -4,ENV/GWH/AUG20/2,ASSAM,GUWAHATI,DIPANKAR BORAH,102059,20/98-99,Civil,JB
Samkhanti Wine Store,Route-1,ENV/MGH/AUG20/1,MEGHALAYA,SHILLONG,Aakash Das,104709,72,Civil,THC
Savera Liquor Mart,Non Relevant,FD/HYD/FEB21/1,TELANGANA,HYDERABAD,Saasforce Admin,124670,2101611,Civil,THC
Katta Maisamma Wines,Non Relevant,FD/HYD/FEB21/2,TELANGANA,HYDERABAD,Saasforce Admin,125126,2100461,Civil,THC
M/S. Saritha Wines,Non Relevant,FD/HYD/FEB21/3,TELANGANA,HYDERABAD,Saasforce Admin,123177,2101889,Civil,THC
M.J. Wines,LAXMIPURI TRACK,FD/KOL/FEB21/1,REST OF MAHARASHTRA,KOLHAPUR,Suraj Nazare,15614,FLII/ 43,Civil,THC
Janu Wines,TARABAI PARK TRACK,FD/KOL/FEB21/2,REST OF MAHARASHTRA,KOLHAPUR,Suraj Nazare,13670,FLII/ 60,Civil,THC
Touch And Feel,Route -4,ENV/GWH/FEB21/1,ASSAM,GUWAHATI,DIPANKAR BORAH,96337,46,Civil,JB
L K Wine Shop (Kalika Traders),4(ZOO ROAD),ENV/GWH/FEB21/2,ASSAM,GUWAHATI,Hrishikesh Bhattacharya,96327,25/98-99,Civil,THC
L K Wine Shop (Kalika Traders),4(ZOO ROAD),ENV/GWH/FEB21/3,ASSAM,GUWAHATI,Hrishikesh Bhattacharya,96327,25/98-99,Civil,JB
M/S. Padmavathi Wines,Non Relevant,FD/HYD/MAR21/1,TELANGANA,HYDERABAD,Saasforce Admin,123089,2101105,Civil,THC
H P Devika - Kengeri,Padmanabhanagar,FD/BANG/MAR 21/1,KARNATAKA,BANGALORE,Dushyant ND,107891,18548,Civil,THC
P K Wines,URAN,FD/Thane/MAR 21/1,REST OF MAHARASHTRA,THANE,Pritam Magar,19365,FLII/ 15,Civil,THC
Sona Wines - Chembur East,Chembur,FD/MUM/MAR 21/1,MUMBAI STATE,MUMBAI,Ankit Bagaria,24564,FL-II-45,Civil,thc
Bottom S Up,KOREGAON PARK,FD/PUNE/MAR21/1,REST OF MAHARASHTRA,PUNE,Laxmikant Kadam,9541,FL-II 170,Civil,thc
Bottom S Up,KOREGAON PARK,FD/PUNE/MAR21/2,REST OF MAHARASHTRA,PUNE,Laxmikant Kadam,9541,FL-II 170,Civil,JB
Unique Supermarket And Wine Store,Pranay_Calangute/Baga/Arpora,FD/GOA/MAR 21/1,GOA,GOA-N,Pranay Gaonkar,61933,FCL/PB/752FL/PB/301,Civil,JB
Unlimited Liquor Store And Supermarket Calangute,Pranay_Calangute/Baga/Arpora,FD/GOA/MAR 21/2,GOA,GOA-S,Pranay Gaonkar,105915,0,Civil,JB
Unlimited Liquor Store And Supermarket Calangute,Pranay_Calangute/Baga/Arpora,FD/GOA/MAR 21/3,GOA,GOA-S,Pranay Gaonkar,105915,0,Civil,THC
Samar Fl Off Shop (30/2009/0017),Park Street,ENV/KOL/MAR21/1,WEST BENGAL,KOLKATA,Debapriya Chakraborty,5791,(30/2009/0017),Civil,THC
Spencers Retail Ltd - (21/2019/0005),KANKURGACHI,ENV/KOL/MAR21/2,WEST BENGAL,KOLKATA,Anirban Ghosh,89016,(21/2019/0005),Civil,THC
124 Inf Bde,Non Relevant,ENV/RANCHI/MAR21/1,JHARKHAND,Ranchi Namkum,Amit Maity,108687,0,CSD,THC
ASC Centre North,Non Relevant,FD/BANG/FEB 21/1,KARNATAKA,BANGALORE,S Shekar,108688,0,CSD,THC
H C Dasegowda - Kothanur,Banasawadi,FD/BANG/APR 21/1,KARNATAKA,BANGALORE,Hari Prasad,107898,18620,Civil,THC
Central Command Canteen,Non Relevant,IR/LUC/DEC20/1,UTTAR PRADESH,Lucknow,Saasforce Admin,108754,0,CSD,THC
Spencers Retail Limited - (30/2016/0020),South Kolkata,ENV/KOL/MAY21/1,WEST BENGAL,KOLKATA,Anirban Ghosh,62072,(30/2016/0020),Civil,THC
Touch And Feel,Route -4,ENV/GWH/NOV19/1,ASSAM,GUWAHATI,DIPANKAR BORAH,96337,46,Civil,THC
Airforce CSD Race course,Non Relevant,IR/DEL/APR21/1,DELHI,NEW DELHI,Malay Kumar,110819,0,CSD,THC
R And B Wine Store Shillong,1,ENV/MGH/OCT20/1,MEGHALAYA,SHILLONG,Aakash Das,108449,180/E,Civil,THC
4 Tps Foods Pvt. Ltd Pr-3,R-ROUTE -2,IR/LUC/FEB21/2,UTTAR PRADESH,LUCKNOW,Rahul Tripathi,108658,0,Civil,THC
Spencers Retail South City Mall (31/2009/0002),South Kolkata,ENV/KOL/JUN21/1,WEST BENGAL,KOLKATA,Anirban Ghosh,32201,(31/2009/0002),Civil,THC
Shom Dutt Plaza Pr-37,Raina Market,IR/KNP/AUG21/3,UTTAR PRADESH,Kanpur,Naveen Mishra,126307,0,Civil,THC
Arvind Gupta,Malviya Nagar,IR/JPR/AUG21/1,RAJASTHAN,JAIPUR,Amit Mathur,117851,1400640,Civil,THC
Hajipur 34600 Ms,PR Noida,IR/NOIDA/JUN 21/1,UTTAR PRADESH,Noida,Parag Saxena,111446,0,Civil,THC
Ozark Merchandising Pvt Ltd,SECTOR-40C,IR/CHD/JUL 21/2,CHANDIGARH,CHANDIGARH,Aditya Gupta,130547,0,Civil,THC
M/S Garg Wine Traders,SECTOR 31 B,IR/CHD/AUG21/1,CHANDIGARH,CHANDIGARH,Aditya Gupta,106990,0,Civil,JB
Parry Wines II - Bandra West,Bandra w,FD/MUM/JUN 21/1,MUMBAI STATE,MUMBAI,Vishal Kendale,19777,FL-II-142,Civil,thc
Niranjan Wine Shop,VASHI,FD/Thane/JUN 21/1,REST OF MAHARASHTRA,THANE,Vishnu Kumawat,19140,FL-II-111,Civil,THC
Liberty Wines Stores - Fort ( World of Wines),Colaba,FD/MUM/JUL 21/1,MUMBAI STATE,MUMBAI,Santosh Pandey,15316,FL-II-146,Civil,JB
Khushlani Wines (Seven Seas Wines),Beat 1,FD/Thane/JUL 21/1,REST OF MAHARASHTRA,THANE,Pravin Sunil Dalvi,108575,266,Civil,THC
Krish Wine(Vijay Wines),KALYAN,FD/THANE/AUG21/1,REST OF MAHARASHTRA,THANE,Vishnu Kumawat,14903,FLII/ 167,Civil,thc
Juhu Wines - Juhu,VILE PARLE WEST,FD/MUM/AUG21/1,MUMBAI STATE,MUMBAI,Amit Devkare,13816,FL-II-148,Civil,JB
M/S. Sree Sindura Wines,Non Relevant,FD/HYD/JUL21/1,TELANGANA,HYDERABAD,Saasforce Admin,124118,2100754,Civil,THC
S.K.Pramanick (21/2006/0091),Central,ENV/KOL/JUL21/1,WEST BENGAL,KOLKATA,Debapriya Chakraborty,5715,(21/2006/0091),Civil,THC
High Spiritz Elite Unit Of Amaravathi,Non Relevant,FD/HYD/AUG21/1,TELANGANA,HYDERABAD,Saasforce Admin,124667,2101516,Civil,THC
Alco Drinks,CHINCHWAD,CAL/PUNE/OAK/AUG21/5,REST OF MAHARASHTRA,PUNE,Rakesh Lokhande,7963,FL-II 127,Civil,OAKSMITH
Big Boy Wines - Chembur,Chembur 1,CAL/MUM/OAK/AUG21/6,MUMBAI STATE,MUMBAI,Ankit Bagaria,9428,FL-II-104,Civil,OAKSMITH
Bottom S Up,KOREGAON PARK,CAL/PUNE/OAK/AUG21/3,REST OF MAHARASHTRA,PUNE,Laxmikant Kadam,9541,FL-II 170,Civil,OAKSMITH
Bunny Wines - Bandra,Bandra w,CAL/MUM/OAK/AUG21/2,MUMBAI STATE,MUMBAI,Vishal Kendale,9590,FL-II-271,Civil,OAKSMITH
Fun-N-Fair Wine Shop - Worli,Worli,CAL/MUM/OAK/AUG21/1,MUMBAI STATE,MUMBAI,Santosh Pandey,11141,FL-II-109,Civil,OAKSMITH
Golden Star Wines - Kandivli West,KANDIVALI WEST_THURSDAY,CAL/MUM/OAK/AUG21/3,MUMBAI STATE,MUMBAI,Amit Devkare,11985,FL-II-195,Civil,OAKSMITH
Green Wines - Ghansoli,KoperKhairne-Ghansoli,CAL/THANE/OAK/AUG21/4,REST OF MAHARASHTRA,THANE,Vishnu Kumawat,75985,257,Civil,OAKSMITH
Liberty Wines Stores - Fort ( World of Wines),Colaba,CAL/MUM/OAK/AUG21/5,MUMBAI STATE,MUMBAI,Santosh Pandey,15316,FL-II-146,Civil,OAKSMITH
Maharaja Wines - Dombivali East,Dombivali Highway,CAL/THANE/OAK/AUG21/1,REST OF MAHARASHTRA,THANE,Vishnu Kumawat,45745,151,Civil,OAKSMITH
Nine Down Town Wine Store (Hinjewadi),HINJEWADI,CAL/PUNE/OAK/AUG21/4,REST OF MAHARASHTRA,PUNE,Rakesh Lokhande,107417,FL II308,Civil,OAKSMITH
P K Wines,URAN,CAL/THANE/OAK/AUG21/2,REST OF MAHARASHTRA,THANE,Pritam Magar,19365,FLII/ 15,Civil,OAKSMITH
Prakash Wines,KOREGAON PARK,CAL/PUNE/OAK/AUG21/1,REST OF MAHARASHTRA,PUNE,Laxmikant Kadam,20091,FL-II 48,Civil,OAKSMITH
Raymond Coutinho Wine Mart Dombivali,KALYAN EAST,CAL/THANE/OAK/AUG21/3,REST OF MAHARASHTRA,THANE,Vishnu Kumawat,111306,FL-II-267,Civil,OAKSMITH
Rnb Ass. (City W.S),Route -2,ENV/GWH/OAK/AUG21/1,ASSAM,GUWAHATI,DIPANKAR BORAH,111633,0,Civil,OAKSMITH
M/S. Sree Sindura Wines,Non Relevant,FD/HYD/OAK/AUG21/1,TELANGANA,HYDERABAD,Saasforce Admin,124118,2100754,Civil,OAKSMITH
Saki Wines,HINJEWADI,CAL/PUNE/OAK/AUG21/7,REST OF MAHARASHTRA,PUNE,Rakesh Lokhande,22685,FL-II-60,Civil,OAKSMITH
SAPAN WINES (MOTWANI),LONAVALA,CAL/PUNE/OAK/AUG21/6,REST OF MAHARASHTRA,PUNE,Harish Deokule,18174,FL-II 96,Civil,OAKSMITH
Sona Wines - Chembur East,Chembur,CAL/MUM/OAK/AUG21/4,MUMBAI STATE,MUMBAI,Ankit Bagaria,24564,FL-II-45,Civil,OAKSMITH
T R Wines,KONDHWA,CAL/PUNE/OAK/AUG21/2,REST OF MAHARASHTRA,PUNE,Laxmikant Kadam,26754,FL- II - 77,Civil,OAKSMITH
The Liquor Club -Fatorda,MAHESH_BORDA-FATORDA-GOGAL,CAL/GOA/OAK/AUG21/3,GOA,GOA-S,Mahesh Naik,84022,RS/FL/141/PB And RS/FCL/2205/PB,Civil,OAKSMITH
Prateek Jaiswal Pr-51(King Liquor),R-ROUTE -2,IR/LUC/MAR21/1,UTTAR PRADESH,LUCKNOW,Rahul Tripathi,132424,0,Civil,THC
Mumbai Wines And Trades Pvt Ltd Ksbcl - Devanahalli,Budegere,FD/BAN/OCT21/1,KARNATAKA,BANGALORE,Harish YS,140980,42003,Civil,THC
Video Plaza (02/2008/0004),Durgapur 1,ENV/DUR/OCT21/1,WEST BENGAL,DURGAPUR,Subham Nandi,7272,(02/2008/0004),Civil,JB
M/S Ozark Merchandising Pvt Ltd,INDUSTRIAL AREA PHASE-1 MW CHANDIGA,IR/CHD/OCT21/1,CHANDIGARH,CHANDIGARH,Aditya Gupta,136260,0,Civil,JB
Santosh Kumar Poonia,Vaishali Nagar,IR/JPR/OCT21/1,RAJASTHAN,JAIPUR,Ajaypal Shekhawat,144596,1401321,Civil,JB
Nine Down Town Wine Store (Hinjewadi),HINJEWADI,FD/PUNE/OCT21/1,REST OF MAHARASHTRA,PUNE,Rakesh Lokhande,107417,FL II308,Civil,THC
Nine Down Town Wine Store (Hinjewadi),HINJEWADI,FD/PUNE/OCT21/2,REST OF MAHARASHTRA,PUNE,Rakesh Lokhande,107417,FL II308,Civil,JB
Shop No-3(A)Ground Floor Singapore Mall -Pr-58 (Vina Alkohal-3),R-ROUTE -2,IR/LUC/SEP21/1,UTTAR PRADESH,LUCKNOW,Rahul Tripathi,143223,PR-58,Civil,THC
Sri Amrut Wine Mart,Non Relevant,FD/HYD/OAK/SEP21/1,TELANGANA,HYDERABAD,Saasforce Admin,122997,2101502,Civil,Oaksmith
M/S. Bangaram Wines,Non Relevant,FD/HYD/OAK/SEP21/2,TELANGANA,HYDERABAD,Saasforce Admin,124754,2101037,Civil,Oaksmith
M/S. Saritha Wines,Non Relevant,FD/HYD/OAK/SEP21/3,TELANGANA,HYDERABAD,Saasforce Admin,123177,2101889,Civil,Oaksmith
Sree Wine Park,Non Relevant,FD/HYD/OAK/SEP21/4,TELANGANA,HYDERABAD,Saasforce Admin,124625,2100458,Civil,Oaksmith
Unique Liquor Store,Non Relevant,FD/HYD/OAK/SEP21/5,TELANGANA,HYDERABAD,Saasforce Admin,124799,2101617,Civil,Oaksmith
M/S Kwality Wines,Non Relevant,FD/HYD/OAK/SEP21/7,TELANGANA,HYDERABAD,Saasforce Admin,122993,2101367,Civil,Oaksmith
M/S. Liquor Drops,Non Relevant,FD/HYD/OAK/SEP21/8,TELANGANA,HYDERABAD,Saasforce Admin,125285,2100377,Civil,Oaksmith
Katta Maisamma Wines,Non Relevant,FD/HYD/OAK/SEP21/10,TELANGANA,HYDERABAD,Saasforce Admin,125126,2100461,Civil,Oaksmith
M/S. Naveen Wines,Non Relevant,FD/HYD/OAK/SEP21/11,TELANGANA,HYDERABAD,Saasforce Admin,123074,2100868,Civil,Oaksmith
Telangana Liquors,Non Relevant,FD/KNGR/OAK/SEP21/1,TELANGANA,KARIMNAGAR,Saasforce Admin,123224,2100558,Civil,Oaksmith
Savera Liquor Mart,Non Relevant,FD/HYD/OAK/SEP21/12,TELANGANA,HYDERABAD,Saasforce Admin,124670,2101611,Civil,Oaksmith
Priya Wines - Alibag,ALIBAG,CAL/THANE/OAK/OCT21/1,REST OF MAHARASHTRA,THANE,Pritam Magar,31871,1,Civil,Oaksmith
M.S.Wines - Borivali,DAHISAR/BORIVALI EAST MONDAY,CAL/MUM/OAK/OCT21/1,MUMBAI STATE,MUMBAI,Sagar R Wagh,15751,FL-II-150,Civil,Oaksmith
Ayush Wines Store,Kashinath_Karaswada/Colvale/Patradevi,CAL/GOA/OAK/OCT21/5,GOA,GOA-N,Kashinath Mandrekar,8737,RS/FCL/PB/144,Civil,Oaksmith
Empire Wines - Vilepare West,VILE PARLE WEST,CAL/MUM/OAK/OCT21/2,MUMBAI STATE,MUMBAI,Amit Devkare,11014,FL-II-89,Civil,Oaksmith
Juhu Wines - Juhu,VILE PARLE WEST,CAL/MUM/OAK/OCT21/3,MUMBAI STATE,MUMBAI,Amit Devkare,13816,FL-II-148,Civil,Oaksmith
A To Z Super Market,Kashinath_Calangute/Baga,CAL/GOA/OAK/OCT21/2,GOA,GOA-N,Kashinath Mandrekar,45939,FCL /PB /695 FL /PB/247,Civil,Oaksmith
Unico Ventures Llp Arpora,Raghunath_Arpora/Anjuna/Vagator,CAL/GOA/OAK/OCT21/4,GOA,GOA-N,Raghunath Ambre,115465,0,Civil,Oaksmith
Poswal Wines,Raghunath_Arpora/Anjuna/Vagator,CAL/GOA/OAK/OCT21/6,GOA,GOA-N,Raghunath Ambre,120958,0,Civil,Oaksmith
Infinity-The Liquor Shop-Benaulim Benaulim,Anjelo_Benaulim-Mobor,CAL/GOA/OAK/OCT21/7,GOA,GOA-S,Anjelo Coutinho,115320,RS/FCL/PB/000,Civil,Oaksmith
Marison Super Market Navelim,Kapil_Navelim- Betul,CAL/GOA/OAK/OCT21/8,GOA,GOA-S,Kapil Sotorkar,104339,FCL/20192045000317/PBFL/150/PB,Civil,Oaksmith
Ashwin Wines (New) Andheri-W,Andheri West,CAL/MUM/OAK/OCT21/4,MUMBAI STATE,MUMBAI,Amit Devkare,120874,0,Civil,Oaksmith
Madhu Wines,CBS,CAL/AUR/OAK/OCT21/1,REST OF MAHARASHTRA,AURANGABAD,Girish S Kulkarni,17016,F.L.II-15,Civil,Oaksmith
Aradhana Wines- Andheri West,Andheri West,CAL/MUM/OAK/OCT21/5,MUMBAI STATE,MUMBAI,Amit Devkare,8399,FL-II-230,Civil,Oaksmith
Jaiswal Wine Store -Calangute,Pranay_Calangute/Baga/Arpora,CAL/GOA/OAK/OCT21/10,GOA,GOA-N,Pranay Gaonkar,84209,FCL/PB/14,Civil,Oaksmith
Manoj Wine Calangute,Pranay_Calangute/Baga/Arpora,CAL/GOA/OAK/OCT21/11,GOA,GOA-N,Pranay Gaonkar,130261,0,Civil,Oaksmith
Unique Supermarket And Wine Store,Pranay_Calangute/Baga/Arpora,CAL/GOA/OAK/OCT21/12,GOA,GOA-N,Pranay Gaonkar,61933,FCL/PB/752FL/PB/301,Civil,Oaksmith
Touch And Feel,Route -4,ENV/GWH/OAK/OCT21/1,ASSAM,GUWAHATI,DIPANKAR BORAH,96337,46,Civil,Oaksmith
Video Plaza (02/2008/0004),Durgapur 1,ENV/DUR/OAK/OCT21/1,WEST BENGAL,DURGAPUR,Subham Nandi,7272,(02/2008/0004),Civil,Oaksmith
M/S.Raja House Of Spirits,Non Relevant,FD/HYD/OAK/OCT21/1,TELANGANA,HYDERABAD,Saasforce Admin,124798,2101598,Civil,Oaksmith
Bhanu Wines,Non Relevant,FD/HYD/OAK/OCT21/2,TELANGANA,HYDERABAD,Saasforce Admin,125136,2100752,Civil,Oaksmith
Lucky Wines 2,Non Relevant,FD/HYD/OAK/OCT21/3,TELANGANA,HYDERABAD,Saasforce Admin,125130,2100551,Civil,Oaksmith
M/S. Seven Hills Wines,Non Relevant,FD/HYD/OAK/OCT21/4,TELANGANA,HYDERABAD,Saasforce Admin,124168,2101787,Civil,Oaksmith
M/S Savera Liquor Mart,Non Relevant Outlet,FD/HYD/OAK/OCT21/6,TELANGANA,HYDERABAD,Saasforce Admin,93331,1901013,Civil,Oaksmith
Sevenhills Wines,Non Relevant,FD/HYD/OAK/OCT21/7,TELANGANA,NIZAMABAD,Saasforce Admin,124441,2100202,Civil,Oaksmith
Chivas Sri Kanteshwar Wines,Non Relevant,FD/HYD/OAK/OCT21/8,TELANGANA,NIZAMABAD,Saasforce Admin,124444,2100238,Civil,Oaksmith
Rail Bazar 26519,Shyam nagar,IR/KNP/OAK/OCT21/6,UTTAR PRADESH,Kanpur,Naveen Mishra,112742,26519,Civil,Oaksmith
Pratap Nagar 18943,Lohamandi,IR/AGR/OAK/OCT21/1,UTTAR PRADESH,Agra,Mohit Kulshrestha,111953,18943,Civil,Oaksmith
Sikandra Bodla Road(Railway Over Bridge Se Zaika Food Restaurent Tak ) 16490,Kargil,IR/AGR/OAK/OCT21/2,UTTAR PRADESH,Agra,Mohit Kulshrestha,111990,16490,Civil,Oaksmith
Diwani Chauraha 16565 (B),Mg Road Sunny,IR/AGR/OAK/OCT21/3,UTTAR PRADESH,Agra,Sumit Vaid,111840,30986,Civil,Oaksmith
Shahdara Chungi 19361,Yamuna Paar,IR/AGR/OAK/OCT21/4,UTTAR PRADESH,Agra,Sumit Vaid,111980,19361,Civil,Oaksmith
Hajipur 6508,PR Noida,IR/NOIDA/OAK/OCT21/1,UTTAR PRADESH,Noida,Parag Saxena,113716,6508,Civil,Oaksmith
Khoda Ghaziabad 9298 Ms,R-1 Gold,IR/GZD/OAK/OCT21/1,UTTAR PRADESH,Ghaziabad,SAURABH SINGH,91490,0,Civil,Oaksmith
Plot No C 1 Lg 1 Rdc Ghaziabad Ms,R-1 Platinum,IR/GZD/OAK/OCT21/2,UTTAR PRADESH,Ghaziabad,SAURABH SINGH,112330,6626,Civil,Oaksmith
Plot No D 1 Ratan Palace Shastri Nagar Ghaziabad (A) Ms,S-Bronze,IR/GZD/OAK/OCT21/4,UTTAR PRADESH,Ghaziabad,Sanjeev Kumar,112252,7415,Civil,Oaksmith
Naresh Kumar Jaipur City,Jaipur4,IR/JPR/OAK/OCT21/2,RAJASTHAN,JAIPUR,Sushil Padhi,144970,1401335,Civil,Oaksmith
Radhey Shyam Saini Jaipur City,Pratap Nagar,IR/JPR/OAK/OCT21/3,RAJASTHAN,JAIPUR,Amit Mathur,128002,1400882,Civil,Oaksmith
Lokesh Chopra Jaipur City,Vaishali Nagar,IR/JPR/OAK/OCT21/4,RAJASTHAN,JAIPUR,Ajaypal Shekhawat,145191,1401354,Civil,Oaksmith
Pawan Kumar Jaipur City,Jhotwara,IR/JPR/OAK/OCT21/5,RAJASTHAN,JAIPUR,Lakhan Singh,127822,1400752,Civil,Oaksmith
Omprakash Jat Jaipur City,Ambabadi,IR/JPR/OAK/OCT21/6,RAJASTHAN,JAIPUR,Lakhan Singh,128099,1400945,Civil,Oaksmith
Sanjay Kumar Arora Jaipur City,NS Road,IR/JPR/OAK/OCT21/7,RAJASTHAN,JAIPUR,Sushil Padhi,144978,1401359,Civil,Oaksmith
Arvind Gupta Jaipur City,Lal kothi,IR/JPR/OAK/OCT21/8,RAJASTHAN,JAIPUR,Amit Mathur,114440,1400635,Civil,Oaksmith
Hari Singh Chouhan Udaipur,UDR-1,IR/UDP/OAK/OCT21/2,RAJASTHAN,UDAIPUR,DeepakSingh Rathore,111158,2700170,Civil,Oaksmith
Seema Jain Udaipur,UDR-8,IR/UDP/OAK/OCT21/3,RAJASTHAN,UDAIPUR,DeepakSingh Rathore,109856,2700026,Civil,Oaksmith
Mragank Pamecha Udaipur,UDR-6,IR/UDP/OAK/OCT21/4,RAJASTHAN,UDAIPUR,DeepakSingh Rathore,129998,2700423,Civil,Oaksmith
Rahul Saini Jaipur City,SIKAR ROAD,IR/JPR/OAK/OCT21/9,RAJASTHAN,JAIPUR,Lakhan Singh,127999,1400891,Civil,Oaksmith
Vijendra Singh Ranawat Jaipur City,Rajapark,IR/JPR/OAK/OCT21/12,RAJASTHAN,JAIPUR,Amit Mathur,109169,1400468,Civil,Oaksmith
Anamol Jindal Kota,NEW KOTA 2,IR/KOTA/OAK/OCT21/1,RAJASTHAN,KOTA - RAJ,Rituraj Sharma,131169,2000442,Civil,Oaksmith
Green Wines - Ghansoli,KoperKhairne-Ghansoli,FD/Thane/Sep 21/3,REST OF MAHARASHTRA,THANE,Vishnu Kumawat,75985,257,Civil,THC
Asha Wine Ghodbunder,Beat 4,FD/Thane/Sep 21/4,REST OF MAHARASHTRA,THANE,Pravin Sunil Dalvi,107945,265,Civil,THC
B. Raghunandan,Basaveshwara Nagar,FD/BAN/JUL23/1,KARNATAKA,BANGALORE,Dileep Kumar,8947,40036,Civil,THC
Kapoor Lamp/Singla Liquor Pvt. Ltd./2023-24/Zfbd52,Route 1,IR/FARID/JB/JAN23/1,HARYANA,FARIDABAD,Somendra Singh Chauhan,153661,0,Civil,JB
Spencers Retail Ltd (30/2014/0011),South Kolkata,ENV/KOL/JB/SEP22/1,WEST BENGAL,KOLKATA,Anirban Ghosh,32202,(30/2014/0011),Civil,JB
Spencers Retail Ltd. (31/2012/0004),E M Bypass,ENV/KOL/JB/AUG22,WEST BENGAL,KOLKATA,Anirban Ghosh,6520,(31/2012/0004),Civil,JB
Metro Cash And Carry India Pvt. Ltd. (31/2012/0033),E M Bypass,ENV/KOL/OAK/MAR22/1,WEST BENGAL,KOLKATA,Anirban Ghosh,3977,(31/2012/0033),Civil,OAK
M/S High Spirit Barons Llp (30/2023/0001 ),South Kolkata,ENV/KOL/FEB23,WEST BENGAL,KOLKATA,Anirban Ghosh,143299,(30/2023/0001),Civil,THC
M/S High Spirit Barons Llp (30/2023/0001 ),South Kolkata,ENV/KOL/JB/FEB23,WEST BENGAL,KOLKATA,Anirban Ghosh,143299,(30/2023/0001),Civil,JB
M/S High Spirit Barons Llp (30/2023/0001 ),South Kolkata,ENV/KOL/HOS/MAR23,WEST BENGAL,KOLKATA,Anirban Ghosh,143299,(30/2023/0001),Civil,HOS
Spencers Retail Ltd (04/2020/0003),Siliguri 1,ENV/DUR/JB/AUG22,WEST BENGAL,SILIGURI,Mithilesh kumar Singh,98051,(04/2020/0003),Civil,JB
Ektiasal Fl Off Shop (07/2012/0016),ROUTE SLG 1,ENV/SLG/DEC22,WEST BENGAL,SILIGURI,Sourav sarkar,146,(07/2012/0016),Civil,THC
Ektiasal Fl Off Shop (07/2012/0016),ROUTE SLG 1,ENV/SLG/JB/DEC22/1,WEST BENGAL,SILIGURI,Sourav sarkar,146,(07/2012/0016),Civil,JB
Spencers Retail Limited (02/2020/0003),Durgapur 2,ENV/SLG/JB/AUG22/1,WEST BENGAL,DURGAPUR,Subham Nandi,98047,(02/2020/0003),Civil,JB
K B Wine Shop,Non Relevant,ENV/GWH/JAN23,ASSAM,GUWAHATI,Saasforce Admin,122429,0,Civil,THC
K B Wine Shop,Non Relevant,ENV/GWH/OAK/JAN23,ASSAM,GUWAHATI,Saasforce Admin,122429,0,Civil,OAK
The Barrel,Route 1,ENV/MGH/JB/MAY22,MEGHALAYA,SHILLONG,Aakash Das,137824,206/E,Civil,JB
Quench Wine Store,Route 4,ENV/MGH/JB/AUG22/1,MEGHALAYA,SHILLONG,SANJIV BISWA,143035,208/E,Civil,JB
ASHOK KUMAR SAHOO (Pradeep Multiplex Pvt. ltd) Khurda,Jayadev Vihar To Nandankanan,ENV/ODI/MAY22,ODISHA,BHUBANESWAR,Jyotiranjan Das,127526,0,Civil,THC
Rakshyakar Pattnaik Khurda,Jayadev Vihar To Rasulgarh,ENV/ODI/MAY22/1,ODISHA,BHUBANESWAR,Jyotiranjan Das,126453,Dummy/38,Civil,THC
Moloy Mandal(Kharvel Nagar No- Khurda,Acharya Vihar To Balipatna,ENV/ODI/SEP22/1,ODISHA,BHUBANESWAR,Anil Kumar Rout,119446,0,Civil,THC
Mumbai Wines And Trades Private Ltd Ksbcl - Bagalkunte,Rajajinagar,FD/BAN/AUG23,KARNATAKA,BANGALORE,Girish MC,121308,19665,Civil,THC
The Liquor Club -Fatorda,MAHESH_BORDA-FATORDA-GOGAL,DS/GOA/HOS/DEC22,GOA,GOA-S,Mahesh Naik,84022,RS/FL/141/PB And RS/FCL/2205/PB,Civil,HOS
The Liquor Club -Fatorda,MAHESH_BORDA-FATORDA-GOGAL,CAL/GOA/DEC22,GOA,GOA-S,Mahesh Naik,84022,RS/FL/141/PB And RS/FCL/2205/PB,Civil,THC
World Of Wines St Inez,MEENAL_PANAJI/PATO,DS/GOA/HOS/DEC22/1,GOA,GOA-N,Meenal Kansara,135819,RS/FCL/PB-20212244001473,Civil,HOS
Maharaja Wines -Arpora,Raghunath_Arpora/Anjuna/Vagator,FD/GOA/JB/JAN22,GOA,GOA-N,Raghunath Ambre,81611,FCL/PB/770,Civil,JB
World Of Wines St Inez,MEENAL_PANAJI/PATO,CAL/GOA/JB/DEC22,GOA,GOA-N,Meenal Kansara,135819,RS/FCL/PB-20212244001473,Civil,JB
Poswal Wines,Raghunath_Arpora/Anjuna/Vagator,FD/GOA/JB/DEC21,GOA,GOA-N,Raghunath Ambre,120958,0,Civil,JB
Savitri Wine And Liquors (Namita Wine Store) - Vagator,Arpora/Anjuna/Vagator,FD/GOA/JB/Jan22/1,GOA,GOA-N,Meenal Kansara,142889,FCL/PB/1041,Civil,JB
World Of Wines St Inez,MEENAL_PANAJI/PATO,CAL/GOA/OAK/DEC22,GOA,GOA-N,Meenal Kansara,135819,RS/FCL/PB-20212244001473,Civil,OAK
Savitri Wine And Liquors (Namita Wine Store) - Vagator,Arpora/Anjuna/Vagator,CAL/GOA/OAK/OCT21,GOA,GOA-N,Meenal Kansara,142889,FCL/PB/1041,Civil,OAK
Magsons Champagne And Cigar - Miramar,Panaji/Patto,CAL/GOA/NOV22,GOA,GOA-N,Meenal Kansara,142890,RS/IML And CL/PB/20222344000221,Civil,THC
World Of Wines St Inez,MEENAL_PANAJI/PATO,CAL/GOA/DEC22/1,GOA,GOA-N,Meenal Kansara,135819,RS/FCL/PB-20212244001473,Civil,THC
Mansionz Bandra,VILE PARLE WEST,CAL/MUM/OCT-23,MUMBAI STATE,MUMBAI,Amit Devkare,9814,FL-II-282,Civil,THC
Mansionz Bandra,VILE PARLE WEST,CAL/MUM/HOS/OCT-23,MUMBAI STATE,MUMBAI,Amit Devkare,9814,FL-II-282,Civil,HOS
Mansionz Bandra,VILE PARLE WEST,CAL/MUM/JB/OCT-23,MUMBAI STATE,MUMBAI,Amit Devkare,9814,FL-II-282,Civil,JB
Kings Wines - Lower Parel ( Mansionz),Worli,CAL/MUM/OCT-23/01,MUMBAI STATE,MUMBAI,Santosh Pandey,14731,FL-II-320,Civil,THC
Kings Wines - Lower Parel ( Mansionz),Worli,CAL/MUM/HOS/OCT-23/01,MUMBAI STATE,MUMBAI,Santosh Pandey,14731,FL-II-320,Civil,HOS
Kings Wines - Lower Parel ( Mansionz),Worli,CAL/MUM/JB/OCT-23/01,MUMBAI STATE,MUMBAI,Santosh Pandey,14731,FL-II-320,Civil,JB
Mazda Wine Andheri(E),KALINA/SANTACRUZ SATURDAY,CAL/MUM/OCT-23/02,MUMBAI STATE,MUMBAI,Sagar R Wagh,17928,FL-II-361,Civil,THC
Mazda Wine Andheri(E),KALINA/SANTACRUZ SATURDAY,CAL/MUM/JB/OCT-23/02,MUMBAI STATE,MUMBAI,Sagar R Wagh,17928,FL-II-361,Civil,JB
Mazda Wine Andheri(E),KALINA/SANTACRUZ SATURDAY,CAL/MUM/OAK/OCT-23,MUMBAI STATE,MUMBAI,Sagar R Wagh,17928,FL-II-361,Civil,OAK
Manjrekar Wine - Santacruze,KALINA/SANTACRUZ SATURDAY,CAL/MUM/JB/OCT-23/3,MUMBAI STATE,MUMBAI,Sagar R Wagh,17668,FL-II-15,Civil,JB
M/S Vinayak Enterprises,Vc-48 Sector-38 D Market Chandiga,ADC/CHD/THC/NOV23,CHANDIGARH,CHANDIGARH,Sourabh Dhingra,145887,0,Civil,THC
Gopi Chand Chowk/Viljendra Singh C/O Firewater Store/2023-24/Zfbd29,GR Faridabad,BL/FARID/ARD/Mar24/1,HARYANA,FARIDABAD,Pankaj Kumar,153615,0,Civil,ARD
Jungle Fowl/Narender Kumar Jindal C/O Abhi Ente/2023-24/Zfbd46,SURAJKUND,BL/FARID/ARD/Mar/24/2,HARYANA,FARIDABAD,Yoginder Singh,153649,0,Civil,ARD
Sector 16/Rahul Bansal/2023-24/Zfbd14,Route -2,BL/FARID/ARD/Apr/24/1,HARYANA,FARIDABAD,Somendra Singh Chauhan,153585,0,Civil,ARD
Bhadana Chowk Anangpur/The Everyday Liqour/2023-24/Zfbd47,Route 4,BL/FARID/ARD/Apr/24/2,HARYANA,FARIDABAD,Somendra Singh Chauhan,153651,0,Civil,ARD
Bristol Chowk/Rajesh Kumar/2023-24/Zgre09,Bristol,IR/GUR/ARD/Feb/24/1,HARYANA,GURUGRAM EAST,Deepak Chawla,153839,0,Civil,ARD
South City-I/Rajesh Kumar/2023-24/Zgre14,Huda City Centre,IR/GUR/ARD/Mar/24/1,HARYANA,GURUGRAM EAST,Deepak Chawla,153849,0,Civil,ARD
Hayatt Palace/Krishna Kumar/2023-24/Zgrw12,Old Delhi Road,BL/GUR/ARD/Mar/24/1,HARYANA,GURUGRAM WEST,Vishal Tiwari,154004,0,Civil,ARD
Indra Colony/Singla Liquor Pvt. Ltd./2023-24/Zgre32,Huda City Centre,BL/GUR/ARD/Mar/24/2,HARYANA,GURUGRAM EAST,Rahul Singh,153886,0,Civil,ARD
Signature Tower/Jai Bhagwan/2023-24/Zgre15,Huda City Centre,BL/GUR/ARD/Mar/24/3,HARYANA,GURUGRAM EAST,Deepak Chawla,153851,0,Civil,ARD
Star Mall/Jai Bhagwan/2023-24/Zgre15,Huda City Centre,BL/GUR/ARD/Mar/24/4,HARYANA,GURUGRAM EAST,Deepak Chawla,153852,0,Civil,ARD
Kegg Farm/Vikram G-Town Wines C/O G-Town Wine/2023-24/Zgre68,National Highway-8,BL/GUR/ARD/Mar/24/5,HARYANA,GURUGRAM EAST,ABHIMANU SINGH,153958,0,Civil,ARD
Horizon Plaza/Singla Liquor Pvt. Ltd./2023-24/Zgre08,Golf Course Road,BL/GUR/ARD/Mar/24/6,HARYANA,GURUGRAM EAST,Rahul Singh,153837,0,Civil,ARD
Bajgera Chowk/Time For Wine/2023-24/Zgrw21,OLD GURGAON,BL/GUR/ARD/Apr/24/1,HARYANA,GURUGRAM WEST,Kapil Verma,154019,0,Civil,ARD
Dwarka Expressway/Time For Wine/2023-24/Zgrw21,OLD GURGAON,BL/GUR/ARD/Apr/24/2,HARYANA,GURUGRAM WEST,Kapil Verma,154020,0,Civil,ARD
Pace City-Ii (Sector-37)/G-Town Spirits/2023-24/Zgrw54,OLD GURGAON,BL/GUR/ARD/Apr/24/3,HARYANA,GURUGRAM WEST,Vishal Tiwari,154085,0,Civil,ARD
Sector -18 (Cia Road) Panipat/Scotchtap Liquor/2023-24/Zpnp01,Panipat Route-1,BL/PANI/ARD/Apr/24/1,HARYANA,PANIPAT,Jaideep Malik,155026,0,Civil,ARD
Mannat Haveli Sonipat/Vijay Kumar And Co/2023-24/Zsnp31,Gt Road Sonipat,BL/SONE/ARD/Apr/24/1,HARYANA,SONIPAT,Nishant Mathur,155472,0,Civil,ARD
Golden Hut Sonipat/Ashok Kumar C/O Ravinder Kumar And Co/2023-24/Zsnp23,Gt Road Sonipat,BL/SONE/ARD/Apr/24/2,HARYANA,SONIPAT,Nishant Mathur,155456,0,Civil,ARD
Sector-56-Ii Huda Market/Singla Liquor Pvt. Ltd./2023-24/Zgre22,Golf Course Road,ADC/GUR/THC/OCT23/1,HARYANA,GURUGRAM EAST,Rahul Singh,153866,0,Civil,THC
Sector -55 (Sushant Lok B Block Phase-Iii)/Singla Liquor Pvt. Ltd./2023-24/Zgre21,Golf Course Road,ADC/GUR/THC/OCT23/2,HARYANA,GURUGRAM EAST,Rahul Singh,153864,0,Civil,THC
Sector-56-Ii Huda Market/Singla Liquor Pvt. Ltd./2023-24/Zgre22,Golf Course Road,ADC/GUR/OAK/OCT23/1,HARYANA,GURUGRAM EAST,Rahul Singh,153866,0,Civil,OAK
Sector -55 (Sushant Lok B Block Phase-Iii)/Singla Liquor Pvt. Ltd./2023-24/Zgre21,Golf Course Road,ADC/GUR/OAK/OCT23/2,HARYANA,GURUGRAM EAST,Rahul Singh,153864,0,Civil,OAK
Liwaspur Sonepat/Virender Kumar And Company/2023-24/Zsnp25,Gt Road Sonipat,BL/SONE/ARD/Apr/24/3,HARYANA,SONIPAT,Nishant Mathur,155459,0,Civil,ARD
Liquid Library - Powai,VIKHROLI,FD/MUM/SEP 21/1,MUMBAI STATE,MUMBAI,Ankit Bagaria,26223,FL-II-26,Civil,JB
Kings Wine - Powai,VIKHROLI,FD/MUM/SEP 21/2,MUMBAI STATE,MUMBAI,Ankit Bagaria,14730,FL-II-381,Civil,JB
Global Wines Corporation Pr-30,KIDWAI NAGAR,DS/KNP/SEP21/1,UTTAR PRADESH,Kanpur,Naveen Mishra,120336,PR-30,Civil,THC
Video Plaza (02/2008/0004),Durgapur 1,ENV/DUR/NOV21/1,WEST BENGAL,DURGAPUR,Subham Nandi,7272,(02/2008/0004),Civil,THC
H D W/S,Route -4,ENV/GWH/DEC21/1,ASSAM,GUWAHATI,DIPANKAR BORAH,2340,24/97-98,Civil,JB
Mehak-E-Punjab Axis Mall Rcb - (27/2012/0133),Newtown,ENV/KOL/DEC21/1,WEST BENGAL,KOLKATA,Dipankar Mandal,71094,(27/2012/0133),Civil,JB
9 Eleven My Family Mart Pr-10,Civil Lines -2,DS/ALHBD/SEP21/1,UTTAR PRADESH,Allahabad,Anoop Kumar,120337,PR-10,Civil,THC
Liquor Box ? Sub Mall,V N 4,DS/NOIDA/SEP 21/1,UTTAR PRADESH,Noida,Saasforce Admin,120338,PR-23,Civil,THC
Jaiswal Wine Store -Calangute,Pranay_Calangute/Baga/Arpora,FD/GOA/DEC 21/1,GOA,GOA-N,Pranay Gaonkar,84209,FCL/PB/14,Civil,JB
A To Z Super Market,Kashinath_Calangute/Baga,FD/GOA/DEC 21/2,GOA,GOA-N,Kashinath Mandrekar,45939,FCL /PB /695 FL /PB/247,Civil,JB
Sony No 1 Wines,VASHI,FD/Thane/Sep 21/1,REST OF MAHARASHTRA,THANE,Vishnu Kumawat,24602,FLII/ 116,Civil,THC
Santosh Kumar Poonia,Vaishali Nagar,IR/JPR/NOV21/1,RAJASTHAN,JAIPUR,Ajaypal Shekhawat,144596,1401321,Civil,THC
Raymond Coutinho Wine Mart Dombivali,KALYAN EAST,FD/Thane/Sep 21/2,REST OF MAHARASHTRA,THANE,Vishnu Kumawat,111306,FL-II-267,Civil,thc
Sanjeev Poonia Sriganganagar,Sriganganagar A,IR/SRINGR/OAK/NOV21/1,RAJASTHAN,SRI GANGANAGAR,Yajuvendra Singh,117756,1300394,Civil,Oaksmith
Rajesh Kumar Ward No. 23242526 Sriganganagar Shop-2 Sriganganagar,Sriganganagar A,IR/SRINGR/OAK/NOV21/2,RAJASTHAN,SRI GANGANAGAR,Yajuvendra Singh,114382,1300265,Civil,Oaksmith
Gaurav Nayak Ward No. 23242526 Sriganganagar Shop-1 Sriganganagar,Non Relevant,IR/SRINGR/OAK/NOV21/3,RAJASTHAN,SRI GANGANAGAR,Saasforce Admin,131555,1300542,Civil,Oaksmith
Pramod Singh Grewal S/O Dharamveer Singh Garewal Ward No. 35 Sriganganagar Shop-5 Sriganganagar,Sriganganagar A,IR/SRINGR/OAK/NOV21/4,RAJASTHAN,SRI GANGANAGAR,Yajuvendra Singh,145137,1300787,Civil,Oaksmith
Ramesh Kumar Tiwari Ward No. 2841 Sriganganagar Shop-2 Sriganganagar,Sriganganagar B,IR/SRINGR/OAK/NOV21/5,RAJASTHAN,SRI GANGANAGAR,Yajuvendra Singh,110380,1300062,Civil,Oaksmith
Premi Jodhpur(West),Non Relevant,IR/JOD/OAK/NOV21/2,RAJASTHAN,JODHPUR,Saasforce Admin,131195,1900588,Civil,Oaksmith
Dinesh Sharma Jaipur City,Malviya Nagar,IR/JPR/OAK/NOV21/1,RAJASTHAN,JAIPUR,Amit Mathur,127817,1400756,Civil,Oaksmith
Yogendra Singh Jaipur City,KHATIPURA,IR/JPR/OAK/NOV21/2,RAJASTHAN,JAIPUR,Ajaypal Shekhawat,145634,1401426,Civil,Oaksmith
Rajveer Singh Shekhawat Jaipur City,Malviya Nagar,IR/JPR/OAK/NOV21/4,RAJASTHAN,JAIPUR,Amit Mathur,109128,1400391,Civil,Oaksmith
Urmila Godara Jaipur City,Lal kothi,IR/JPR/OAK/NOV21/5,RAJASTHAN,JAIPUR,Amit Mathur,145190,1401343,Civil,Oaksmith
Ayub Khan,NS Road,IR/JPR/OAK/NOV21/6,RAJASTHAN,JAIPUR,Sushil Padhi,144595,1401345,Civil,Oaksmith
Neeraj Kapoor Jaipur City,Jhotwara2,IR/JPR/OAK/NOV21/7,RAJASTHAN,JAIPUR,Lakhan Singh,128152,1401015,Civil,Oaksmith
Rajveer Singh Jaipur City,Jhotwara,IR/JPR/OAK/NOV21/8,RAJASTHAN,JAIPUR,Lakhan Singh,127823,1400751,Civil,Oaksmith
Amjad Ali Jaipur City,Ambabadi,IR/JPR/OAK/NOV21/9,RAJASTHAN,JAIPUR,Lakhan Singh,127814,1400758,Civil,Oaksmith
Farha Khan Jaipur City,JPR1,IR/JPR/OAK/NOV21/11,RAJASTHAN,JAIPUR,Lokendra Singh,109216,1400585,Civil,Oaksmith
Mukesh Kanwar Jaipur City,Hawa Sadak,IR/JPR/OAK/NOV21/12,RAJASTHAN,JAIPUR,Sushil Padhi,127900,1400789,Civil,Oaksmith
Ganesh Choudhary Jaipur City,Ambabadi,IR/JPR/OAK/NOV21/15,RAJASTHAN,JAIPUR,Lakhan Singh,128054,1400890,Civil,Oaksmith
Ajay Poonia Jaipur City,Pratap Nagar,IR/JPR/OAK/NOV21/16,RAJASTHAN,JAIPUR,Amit Mathur,127935,1400853,Civil,Oaksmith
Naresh Jodhpur,Railway Station,IR/JOD/OAK/NOV21/3,RAJASTHAN,JODHPUR,Devendra Bhati,117637,1900349,Civil,Oaksmith
Vishram Gehlot (39) Ajmer,Foysagar,IR/AJMR/OAK/NOV21/1,RAJASTHAN,AJMER,Sunil Daslania,127921,100571,Civil,Oaksmith
Kaushalya (37) Ajmer,Vaishali Nagar,IR/AJMR/OAK/DEC21/1,RAJASTHAN,AJMER,Sunil Daslania,109470,100175,Civil,Oaksmith
Amit S/O Shree Ram (114) Ajmer,Gulab Bari,IR/AJMR/OAK/DEC21/2,RAJASTHAN,AJMER,Sunil Daslania,109525,100351,Civil,Oaksmith
Kamla Devi Suhalka Udaipur,UDR-1,IR/AJMR/OAK/DEC21/3,RAJASTHAN,UDAIPUR,DeepakSingh Rathore,130008,2700448,Civil,Oaksmith
Aashiyana Khan Udaipur,Non Relevant,IR/UDP/OAK/DEC21/1,RAJASTHAN,UDAIPUR,Saasforce Admin,135389,2700530,Civil,Oaksmith
Manish Arora Bikaner,Lalgarh Railway Station,IR/BIKNR/OAK/DEC21/1,RAJASTHAN,BIKANER,Pankaj Jaiswal,131337,700329,Civil,Oaksmith
Shyam Lal Mohan Lal Bikaner,Bus Stand,IR/BIKNR/OAK/DEC21/2,RAJASTHAN,BIKANER,Pankaj Jaiswal,145162,700432,Civil,Oaksmith
Jitu Singh Bikaner,Kolayat Chungi,IR/BIKNR/OAK/DEC21/3,RAJASTHAN,BIKANER,Pankaj Jaiswal,110305,700052,Civil,Oaksmith
Harbans Singh S/O Jogender Singh Ward No. 434446 Sriganganagar Sriganganagar,Sriganganagar B,IR/BIKNR/OAK/DEC21/4,RAJASTHAN,SRI GANGANAGAR,Yajuvendra Singh,145203,1300803,Civil,Oaksmith
Ahilya Tak W/O Shiprasad (23) Ajmer,Vaishali Nagar,IR/SRINGR/OAK/DEC21/1,RAJASTHAN,AJMER,Sunil Daslania,109415,100050,Civil,Oaksmith
Mangal Nath (6) Ajmer,Jaipur Road,IR/AJMR/OAK/DEC21/4,RAJASTHAN,AJMER,Sunil Daslania,127897,100549,Civil,Oaksmith
Aditya Choudhari (118) Ajmer,SUBHASH NAGAR,IR/UDP/OAK/DEC21/3,RAJASTHAN,AJMER,Sunil Daslania,127867,100530,Civil,Oaksmith
Grape Wine Jaipur City,Jaipur2,IR/AJMR/OAK/DEC21/6,RAJASTHAN,JAIPUR,Sushil Padhi,109020,1400225,Civil,Oaksmith
Kusum Bhandari Sarita Rajwanshi Jaipur City,Rajapark,IR/JPR/OAK/DEC21/1,RAJASTHAN,JAIPUR,Lokendra Singh,127891,1400788,Civil,Oaksmith
Tina Rajpurohit Jaipur City,Vaishali Nagar,IR/JPR/OAK/DEC21/2,RAJASTHAN,JAIPUR,Ajaypal Shekhawat,111039,1400626,Civil,Oaksmith
Bhanwar Singh S/O Kishan Singh Hanumangarh,Hanumangarh A,IR/JPR/OAK/DEC21/3,RAJASTHAN,HANUMANGARH,Yajuvendra Singh,153032,3100764,Civil,Oaksmith
Bhanwar Singh S/O Kishan Singh Hanumangarh,Hanumangarh A,IR/HANUMAN/OAK/DEC21/1,RAJASTHAN,HANUMANGARH,Yajuvendra Singh,153032,3100764,Civil,Oaksmith
Rekha Sharma Jaipur City,Rajapark,IR/JPR/OAK/DEC21/5,RAJASTHAN,JAIPUR,Lokendra Singh,114442,1400639,Civil,Oaksmith
Sanjay Kumar Arora Jaipur City,NS Road,IR/JPR/OAK/DEC21/7,RAJASTHAN,JAIPUR,Sushil Padhi,144978,1401359,Civil,Oaksmith
Devdashrath Mines And Minerals Jodhpur,Jhalamand,IR/JOD/OAK/DEC21/1,RAJASTHAN,JODHPUR,Devendra Bhati,145651,1900715,Civil,Oaksmith
H D W/S,Route -4,ENV/GWH/OAK/DEC21/1,ASSAM,GUWAHATI,DIPANKAR BORAH,2340,24/97-98,Civil,Oaksmith
The Whiskey Company,Route -4,ENV/GWH/OAK/DEC21/2,ASSAM,GUWAHATI,DIPANKAR BORAH,102059,20/98-99,Civil,Oaksmith
R K Wine Store-Arlem Arlem,Kapil_Borda-Fatorda-Gogal,CAL/GOA/OAK/NOV21/2,GOA,GOA-S,Kapil Sotorkar,111241,FL-BR/II-000,Civil,Oaksmith
Unlimited Liquor Store And Supermarket Calangute,Pranay_Calangute/Baga/Arpora,CAL/GOA/OAK/NOV21/3,GOA,GOA-S,Pranay Gaonkar,105915,0,Civil,Oaksmith
Delfinos Hymart,Pranay_Verem/Candolim/Nerul,CAL/GOA/OAK/DEC21/1,GOA,GOA-N,Pranay Gaonkar,10596,FCL/PB/585 And FL/PB/138,Civil,Oaksmith
Poswal Wines,Raghunath_Arpora/Anjuna/Vagator,FD/GOA/SEP 21/2,GOA,GOA-N,Raghunath Ambre,120958,0,Civil,THC
Millenium Place Tower T 10 Sushant Ansal Golf City Shop No 1 2 3 Pr-34(Vina Alkohal-2),R-ROUTE -2,DS/LUC/DEC21/1,UTTAR PRADESH,LUCKNOW,Rahul Tripathi,126309,0,Civil,THC
Liquor Blueword,Non Relevant,DS/NOIDA/DEC 21/1,UTTAR PRADESH,Noida,Saasforce Admin,126286,0,Civil,THC
The Liquor Shop Pr-47,PPR,DS/NOIDA/DEC 21/3,UTTAR PRADESH,Noida,Parag Saxena,126284,0,Civil,THC
Vinicola Spirits Borda,SAIEESH_MAHESH_BORDA-FATORDA-GOGAL,FD/GOA/DEC 21/3,GOA,GOA-S,Saieesh Shirodkar,111244,FL-BR/II-000,Civil,JB
Hemakrishna Ksbcl - Bagalkunte,Malleshwaram,FD/BAN/SEP 21/1,KARNATAKA,BANGALORE,Girish MC,120621,19482,Civil,THC
Hemakrishna Ksbcl - Bagalkunte,Malleshwaram,FD/BAN/SEP 21/2,KARNATAKA,BANGALORE,Girish MC,120621,19482,Civil,JB
Mehak-E-Punjab Eco Suite - (27/2016/0005),Newtown,ENV/KOL/JAN22/1,WEST BENGAL,KOLKATA,Dipankar Mandal,71030,(27/2016/0005),Civil,THC
Mehak-E-Punjab Eco Suite - (27/2016/0005),Newtown,ENV/KOL/OAK/JAN22/1,WEST BENGAL,KOLKATA,Dipankar Mandal,71030,(27/2016/0005),Civil,OAK
Mehak-E-Punjab Eco Suite - (27/2016/0005),Newtown,ENV/KOL/JAN22/2,WEST BENGAL,KOLKATA,Dipankar Mandal,71030,(27/2016/0005),Civil,JB
Sector-17/18 Dividing Road/Vikram Kapur/2023-24/Zgrw08,OLD GURGAON,IR/GUR/FEB22/1,HARYANA,GURUGRAM WEST,Vishal Tiwari,153995,0,Civil,THC
Rao Market Udyog Vihar/Vikram Kapur/2023-24/Zgrw11,Old Delhi Road,IR/GUR/OAK/JAN22/1,HARYANA,GURUGRAM WEST,Vishal Tiwari,154001,0,Civil,OAK
Sector-17/18 Dividing Road/Vikram Kapur/2023-24/Zgrw08,OLD GURGAON,IR/GUR/OAK/JAN22/2,HARYANA,GURUGRAM WEST,Vishal Tiwari,153995,0,Civil,OAK
Hayatt Palace/Krishna Kumar/2023-24/Zgrw12,Old Delhi Road,IR/GUR/JAN22/1,HARYANA,GURUGRAM WEST,Vishal Tiwari,154004,0,Civil,THC
Hayatt Palace/Krishna Kumar/2023-24/Zgrw12,Old Delhi Road,IR/GUR/OAK/JAN22/3,HARYANA,GURUGRAM WEST,Vishal Tiwari,154004,0,Civil,OAK
Sarhaul Commercial Area/Vikram Kapur/2023-24/Zgrw07,Old Delhi Road,IR/GUR/OAK/JAN22/4,HARYANA,GURUGRAM WEST,Vishal Tiwari,153993,0,Civil,OAK
M/S Om Sai Wines,Non Relevant,FD/HYD/DEC21/1,TELANGANA,HYDERABAD,Saasforce Admin,123022,2101750,Civil,THC
Daimond Liquor Mart,Non Relevant,FD/HYD/DEC21/2,TELANGANA,HYDERABAD,Saasforce Admin,124714,2102541,Civil,THC
R R R Liquor Mart,Non Relevant,FD/HYD/DEC21/3,TELANGANA,HYDERABAD,Saasforce Admin,123202,2102146,Civil,THC
K Liquor Mart,Non Relevant,FD/HYD/DEC21/4,TELANGANA,HYDERABAD,Saasforce Admin,123175,2101874,Civil,THC
7-Tonic,Non Relevant,FD/HYD/DEC21/5,TELANGANA,HYDERABAD,Saasforce Admin,124766,2101178,Civil,THC
Daruwala Liquor Stores,Non Relevant,FD/HYD/DEC21/6,TELANGANA,HYDERABAD,Saasforce Admin,124142,2101410,Civil,THC
M/S.Laxminarsimha Liquors,Non Relevant,FD/SDP/DEC21/1,TELANGANA,SIDDIPET,Saasforce Admin,124879,2100029,Civil,THC
Parklane Wines,Non Relevant,FD/NZM/DEC21/1,TELANGANA,WARANGAL,Saasforce Admin,122877,2100199,Civil,THC
M/S The Parklane,Non Relevant,FD/NZM/DEC21/2,TELANGANA,WARANGAL,Saasforce Admin,122773,2100288,Civil,THC
Svd Spirits,Non Relevant,FD/HYD/JAN22/1,TELANGANA,HYDERABAD,Saasforce Admin,125315,2101255,Civil,THC
M/S. Slns Wines,Non Relevant,FD/HYD/JAN22/2,TELANGANA,HYDERABAD,Saasforce Admin,123106,2101239,Civil,THC
Sri Raja Rajeshwari Wines,Non Relevant,FD/HYD/JAN22/3,TELANGANA,HYDERABAD,Saasforce Admin,124628,2100684,Civil,THC
Sapthagiri Wines,Non Relevant,FD/HYD/JAN22/4,TELANGANA,HYDERABAD,Saasforce Admin,124663,2101477,Civil,THC
Bagga Wines,Non Relevant,FD/HYD/JAN22/5,TELANGANA,HYDERABAD,Saasforce Admin,123049,2102094,Civil,THC
M.G Liquor Mart,Non Relevant,FD/HYD/FEB22/1,TELANGANA,HYDERABAD,Saasforce Admin,124653,2101357,Civil,THC
Tirumala Liquor Mart,Non Relevant,FD/HYD/JAN22/7,TELANGANA,HYDERABAD,Saasforce Admin,123187,2101984,Civil,THC
Tonique Street,Non Relevant,FD/NZM/MAR22/1,TELANGANA,NIZAMABAD,Saasforce Admin,124485,2100869,Civil,THC
Tonique Street,Non Relevant,FD/NZM/MAR22/2,TELANGANA,NIZAMABAD,Saasforce Admin,124485,2100869,Civil,THC
Smr Wine Mart,Non Relevant,FD/HYD/JAN22/8,TELANGANA,HYDERABAD,Saasforce Admin,125148,2101676,Civil,THC
M/S Nandan Liquor Mart,Non Relevant,FD/MHB/JAN22/1,TELANGANA,MAHABOOBNAGAR-C,Saasforce Admin,123618,2100582,Civil,THC
Sri Venkata Durga Wines-1,Non Relevant,FD/NAL/JAN22/1,TELANGANA,NALGONDA,Saasforce Admin,124201,2100466,Civil,THC
Chalapathi Wines,Non Relevant,FD/HYD/FEB22/2,TELANGANA,HYDERABAD,Saasforce Admin,124716,2102555,Civil,THC
M/S. K K D Liquor Mart,Non Relevant,FD/NAL/JAN22/2,TELANGANA,NALGONDA,Saasforce Admin,124312,2101419,Civil,THC
Venkateshwara Wines,Non Relevant,FD/HYD/JAN22/9,TELANGANA,HYDERABAD,Saasforce Admin,123067,2100664,Civil,THC
M/S. Smy Hi Tex Liquor Mart,Non Relevant,FD/HYD/JAN22/10,TELANGANA,HYDERABAD,Saasforce Admin,124755,2101043,Civil,THC
Sri Durga S Dolphin Wines,Non Relevant,FD/HYD/JAN22/11,TELANGANA,HYDERABAD,Saasforce Admin,123066,2100549,Civil,THC
Jai Bhavani Enterprises,Non Relevant,FD/HYD/JAN22/12,TELANGANA,HYDERABAD,Saasforce Admin,123063,2100352,Civil,THC
Bhavani Wines,Non Relevant,FD/HYD/JAN22/13,TELANGANA,HYDERABAD,Saasforce Admin,124813,2101721,Civil,THC
M/S. Jsm Liquor Mart,Non Relevant,FD/HYD/FEB22/3,TELANGANA,HYDERABAD,Saasforce Admin,124092,2100280,Civil,THC
M/S Renuka Wines,Non Relevant,FD/NZM/FEB22/1,TELANGANA,NIZAMABAD,Saasforce Admin,124527,2101369,Civil,THC
Ashoka S Walk In Store,Non Relevant,FD/NZM/FEB22/2,TELANGANA,NIZAMABAD,Saasforce Admin,124449,2100361,Civil,THC
Svd Wine Mart,Non Relevant,FD/HYD/FEB22/4,TELANGANA,HYDERABAD,Saasforce Admin,125157,2101869,Civil,THC
Svd Liquor Lounge,Non Relevant,FD/HYD/FEB22/5,TELANGANA,HYDERABAD,Saasforce Admin,124666,2101510,Civil,THC
Laxmi Ganpathi Wines,Non Relevant,FD/WRG/FEB22/1,TELANGANA,WARANGAL,Saasforce Admin,122973,2102176,Civil,THC
Bagga Wines,Non Relevant,FD/HYD/OAK/JAN22/1,TELANGANA,HYDERABAD,Saasforce Admin,123049,2102094,Civil,OAK
Daimond Liquor Mart,Non Relevant,FD/HYD/OAK/DEC21/1,TELANGANA,HYDERABAD,Saasforce Admin,124714,2102541,Civil,OAK
Sapthagiri Wines,Non Relevant,FD/HYD/OAK/DEC21/2,TELANGANA,HYDERABAD,Saasforce Admin,124663,2101477,Civil,OAK
Smr Wine Mart,Non Relevant,FD/HYD/OAK/DEC21/3,TELANGANA,HYDERABAD,Saasforce Admin,125148,2101676,Civil,OAK
M/S. Slns Wines,Non Relevant,FD/HYD/OAK/DEC21/4,TELANGANA,HYDERABAD,Saasforce Admin,123106,2101239,Civil,OAK
M/S. Smy Hi Tex Liquor Mart,Non Relevant,FD/HYD/OAK/DEC21/5,TELANGANA,HYDERABAD,Saasforce Admin,124755,2101043,Civil,OAK
Svd Wine Mart,Non Relevant,FD/HYD/OAK/DEC21/8,TELANGANA,HYDERABAD,Saasforce Admin,125157,2101869,Civil,OAK
M/S. Rrr Liquor Mart,Non Relevant,FD/HYD/OAK/DEC21/9,TELANGANA,HYDERABAD,Saasforce Admin,123180,2101916,Civil,OAK
Sri Raja Rajeshwari Wines,Non Relevant,FD/HYD/OAK/DEC21/10,TELANGANA,HYDERABAD,Saasforce Admin,124628,2100684,Civil,OAK
Sri Durga S Dolphin Wines,Non Relevant,FD/HYD/OAK/DEC21/11,TELANGANA,HYDERABAD,Saasforce Admin,123066,2100549,Civil,OAK
Parklane Wines,Non Relevant,FD/HYD/OAK/DEC21/12,TELANGANA,WARANGAL,Saasforce Admin,122877,2100199,Civil,OAK
Jai Bhavani Enterprises,Non Relevant,FD/HYD/OAK/DEC21/13,TELANGANA,HYDERABAD,Saasforce Admin,123063,2100352,Civil,OAK
K Liquor Mart,Non Relevant,FD/HYD/OAK/DEC21/14,TELANGANA,HYDERABAD,Saasforce Admin,123175,2101874,Civil,OAK
M/S.Laxminarsimha Liquors,Non Relevant,FD/SDP/OAK/DEC21/1,TELANGANA,SIDDIPET,Saasforce Admin,124879,2100029,Civil,OAK
Daruwala Liquor Stores,Non Relevant,FD/HYD/OAK/DEC21/15,TELANGANA,HYDERABAD,Saasforce Admin,124142,2101410,Civil,OAK
Ashoka S Walk In Store,Non Relevant,FD/NZM/OAK/DEC21/1,TELANGANA,NIZAMABAD,Saasforce Admin,124449,2100361,Civil,OAK
Aradhana Wines- Andheri West,Andheri West,FD/MUM/DEC21/1,MUMBAI STATE,MUMBAI,Amit Devkare,8399,FL-II-230,Civil,JB
Seasons Wines - Versova,VERSOVA,CAL/MUM/DEC21/1,MUMBAI STATE,MUMBAI,Amit Devkare,23321,FL-II-319,Civil,THC
Svd Spirits,Non Relevant,FD/HYD/OAK/DEC21/16,TELANGANA,HYDERABAD,Saasforce Admin,124622,2100162,Civil,OAK
7-Tonic,Non Relevant,FD/HYD/OAK/DEC21/17,TELANGANA,HYDERABAD,Saasforce Admin,124766,2101178,Civil,OAK
Tirumala Liquor Mart,Non Relevant,FD/HYD/OAK/JAN22/2,TELANGANA,HYDERABAD,Saasforce Admin,123187,2101984,Civil,OAK
Bhavani Wines,Non Relevant,FD/HYD/OAK/JAN22/3,TELANGANA,HYDERABAD,Saasforce Admin,124813,2101721,Civil,OAK
M/S Vishal Wines,Non Relevant,FD/MNRL/OAK/JAN22/1,TELANGANA,MANCHERIAL,Saasforce Admin,123823,2100663,Civil,OAK
Om Sai Ram Wines,Non Relevant,FD/KNGR/OAK/JAN22/1,TELANGANA,KARIMNAGAR,Saasforce Admin,123301,2101979,Civil,OAK
M/S.Radha Krishan Wines,Non Relevant,FD/KNGR/OAK/JAN22/2,TELANGANA,KARIMNAGAR,Saasforce Admin,123207,2100056,Civil,OAK
M/S The Parklane,Non Relevant,FD/NZM/OAK/FEB22/1,TELANGANA,WARANGAL,Saasforce Admin,122773,2100288,Civil,OAK
S K Wines,Non Relevant,FD/HYD/OAK/FEB22/2,TELANGANA,HYDERABAD,Saasforce Admin,124674,2101686,Civil,OAK
Sri Venkata Durga Wines-1,Non Relevant,FD/NAL/OAK/JAN22/1,TELANGANA,NALGONDA,Saasforce Admin,124201,2100466,Civil,OAK
Vijaya Wines,Non Relevant,FD/HYD/OAK/FEB22/3,TELANGANA,HYDERABAD,Saasforce Admin,124657,2101403,Civil,OAK
Chalapathi Wines,Non Relevant,FD/HYD/OAK/JAN22/4,TELANGANA,HYDERABAD,Saasforce Admin,124716,2102555,Civil,OAK
M/S. K K D Liquor Mart,Non Relevant,FD/NAL/OAK/JAN22/2,TELANGANA,NALGONDA,Saasforce Admin,124312,2101419,Civil,OAK
Venkateshwara Wines,Non Relevant,FD/HYD/OAK/JAN22/5,TELANGANA,HYDERABAD,Saasforce Admin,123067,2100664,Civil,OAK
M.G Liquor Mart,Non Relevant,FD/HYD/OAK/JAN22/8,TELANGANA,HYDERABAD,Saasforce Admin,124653,2101357,Civil,OAK
Kanakadurga Wines,Non Relevant,FD/HYD/OAK/JAN22/10,TELANGANA,HYDERABAD,Saasforce Admin,124725,2102605,Civil,OAK
M/S. Sri Venkateshwara Wines,Non Relevant,FD/MNRL/OAK/FEB22/1,TELANGANA,NIZAMABAD,Saasforce Admin,124539,2101472,Civil,OAK
M/S. Jsm Liquor Mart,Non Relevant,FD/HYD/OAK/FEB22/4,TELANGANA,HYDERABAD,Saasforce Admin,124092,2100280,Civil,OAK
M/S. Prasad Wines,Non Relevant,FD/NAL/OAK/FEB22/1,TELANGANA,NALGONDA,Saasforce Admin,124327,2101535,Civil,OAK
M/S. Giga Wines,Non Relevant,FD/NAL/OAK/FEB22/2,TELANGANA,NALGONDA,Saasforce Admin,124300,2101330,Civil,OAK
Ward No 49 Shastri Nagar Rzapur 16242 (B),S-Silver,IR/GZD/OAK/NOV21/2,UTTAR PRADESH,Ghaziabad,Sanjeev Kumar,112241,33394,Civil,OAK
Trident Chemphar Limited Shakur Pur,Non Relevant,IR/DEL/OAK/DEC21/7,DELHI,NORTH DELHI,Saasforce Admin,122102,CV328,Civil,OAK
Psllp-30-010S-03 Hari Nagar-A,Non Relevant,IR/DEL/OAK/DEC21/18,DELHI,WEST DELHI,Saasforce Admin,122084,CV310,Civil,OAK
Psllp-30-010S-02 Hari Nagar-A,Non Relevant,IR/DEL/OAK/DEC21/21,DELHI,WEST DELHI,Saasforce Admin,122200,CV433,Civil,OAK
Sammakka Sarakka Wines,Non Relevant,FD/HYD/DEC21/7,TELANGANA,HYDERABAD,Saasforce Admin,124151,2101563,Civil,THC
Sri Sai Wine andAmp Spirits,Non Relevant,FD/HYD/JAN22/6,TELANGANA,HYDERABAD,Saasforce Admin,124806,2101661,Civil,THC
Sri Sai Wine andAmp Spirits,Non Relevant,FD/HYD/OAK/FEB22/1,TELANGANA,HYDERABAD,Saasforce Admin,124806,2101661,Civil,OAK
R R R Liquor Mart,Non Relevant,FD/HYD/OAK/JAN22/6,TELANGANA,HYDERABAD,Saasforce Admin,123202,2102146,Civil,OAK
Trident Chemphar Limited Shakur Pur,Non Relevant,IR/DEL/DEC21/8,DELHI,NORTH DELHI,Saasforce Admin,122102,CV328,Civil,THC
Trident Chemphar Limited Shakur Pur,Non Relevant,IR/DEL/DEC21/24,DELHI,NORTH DELHI,Saasforce Admin,122102,CV328,Civil,JB
Psllp-30-016S-03 Janakpuri South,Non Relevant,IR/DEL/OAK/JAN22/2,DELHI,WEST DELHI,Saasforce Admin,122293,CV538,Civil,OAK
Svd Liquor Lounge,Non Relevant,FD/HYD/OAK/DEC21/6,TELANGANA,HYDERABAD,Saasforce Admin,124666,2101510,Civil,OAK
TONIQUE BEVERAGES INDIA LLP KSBCL - KG HALLI -2,Sampangirama Nagar-2,FD/BANG/NOV 21/1,KARNATAKA,BANGALORE,Purushotam KM,122686,19732,Civil,THC
Narayan Wine Mart,CBD,FD/Thane/JAN 22/1,REST OF MAHARASHTRA,THANE,Vishnu Kumawat,18607,FLII/ 30,Civil,THC
The Cellar Igi Airport T 2 Arrival Airport Zone,Non Relevant,IR/DEL/MAY22/1,DELHI,WEST DELHI,Saasforce Admin,126358,CV608,Civil,THC
Liquor Planet,Non Relevant,FD/HYD/APR22/6,TELANGANA,HYDERABAD,Saasforce Admin,125309,2101348,Civil,THC-FSU
Spencers Retail Ltd,Non Relevant,FD/HYD/OAK/MAY22/3,TELANGANA,HYDERABAD,Saasforce Admin,123003,2101561,Civil,OAK
M/S Kachiguda Wines,Non Relevant,FD/HYD/OAK/MAY22/1,TELANGANA,HYDERABAD,Saasforce Admin,125257,2101634,Civil,OAK
M/S Medchal Spirits,Non Relevant,FD/HYD/OAK/MAY22/4,TELANGANA,HYDERABAD,Saasforce Admin,123092,2101136,Civil,OAK
Elixir The Bottle Shop,Non Relevant,FD/HYD/OAK/MAY22/2,TELANGANA,HYDERABAD,Saasforce Admin,124119,2100766,Civil,OAK
Shree Vana Durga Wines,Non Relevant,FD/HYD/OAK/SEP21/13,TELANGANA,HYDERABAD,Saasforce Admin,123069,2100775,Civil,OAK
Anu Wines,Non Relevant,FD/HYD/OAK/MAY22/5,TELANGANA,HYDERABAD,Saasforce Admin,124816,2101748,Civil,OAK
M/S Srivalli Wines,Non Relevant,FD/MNRL/OAK/MAR22/1,TELANGANA,MANCHERIAL,Saasforce Admin,123774,2100222,Civil,OAK
Mnr Wines,Non Relevant,FD/NZM/OAK/APR22/1,TELANGANA,NIZAMABAD,Saasforce Admin,124446,2100279,Civil,OAK
M/S. Balaji Wines,Non Relevant,FD/HYD/JUL22/1,TELANGANA,HYDERABAD,Saasforce Admin,124093,2100291,Civil,THC
Shree Vana Durga Wines,Non Relevant,FD/HYD/JAN22/14,TELANGANA,HYDERABAD,Saasforce Admin,123069,2100775,Civil,THC
M/S Medchal Spirits,Non Relevant,FD/HYD/MAY22/4,TELANGANA,HYDERABAD,Saasforce Admin,123092,2101136,Civil,THC
M/S Srivalli Wines,Non Relevant,FD/MNRL/JAN22/1,TELANGANA,MANCHERIAL,Saasforce Admin,123774,2100222,Civil,THC
Sevenhills Wines,Non Relevant,FD/NZM/OCT21/2,TELANGANA,NIZAMABAD,Saasforce Admin,124441,2100202,Civil,THC
Chivas Sri Kanteshwar Wines,Non Relevant,FD/NZM/OCT21/1,TELANGANA,NIZAMABAD,Saasforce Admin,124444,2100238,Civil,THC
Mnr Wines,Non Relevant,FD/NZM/APR22/1,TELANGANA,NIZAMABAD,Saasforce Admin,124446,2100279,Civil,THC
Kanaka Durga Wines,Non Relevant,FD/HYD/APR22/8,TELANGANA,HYDERABAD,Saasforce Admin,124650,2101212,Civil,THC-FSU
M/S. Giga Wines,Non Relevant,FD/NAL/APR22/1,TELANGANA,NALGONDA,Saasforce Admin,124300,2101330,Civil,THC
M/S. Prasad Wines,Non Relevant,FD/HYD/APR21/1,TELANGANA,NALGONDA,Saasforce Admin,124327,2101535,Civil,THC
M/S. High Spiritz Elite Unit Of Amaravathi,Non Relevant,FD/HYD/APR22/4,TELANGANA,HYDERABAD,Saasforce Admin,124636,2100990,Civil,THC FSU
Amazon Liquor andAmp Spirits,Non Relevant,FD/HYD/MAY22/3,TELANGANA,HYDERABAD,Saasforce Admin,125367,2102124,Civil,JB
Sri. C. Raju Wine World,Padmanabhanagar,FD/BANG/Jul22/1,KARNATAKA,BANGALORE,Dushyant ND,25788,3486,Civil,THC
Madhuloka Liquor Boutique Pvt Ltd - Attibele,Sarjapur Road,FD/BANG/Jul22/2,KARNATAKA,BANGALORE,Ashok GN,107102,18560,Civil,THC
G Shivakumar Ksbcl - Peenya,sahakaranagara,FD/BANG/Jul22/3,KARNATAKA,BANGALORE,Nikhil Lokesh,121296,19591,Civil,THC
Sr Wines,Non Relevant,FD/HYD/APR22/5,TELANGANA,HYDERABAD,Saasforce Admin,124649,2101193,Civil,THC
S.R.Wines,Non Relevant,FD/HYD/MAY22/2,TELANGANA,HYDERABAD,Saasforce Admin,124720,2102580,Civil,THC
Raju Rani Wines,Non Relevant,FD/KNGR/OAK/FEB22/1,TELANGANA,KARIMNAGAR,Saasforce Admin,123268,2101633,Civil,OAk
Raja Wines,Non Relevant,FD/HYD/APR22/9,TELANGANA,HYDERABAD,Saasforce Admin,125119,2100210,Civil,THC
36 Jubilee,Non Relevant,FD/HYD/APR22/2,TELANGANA,HYDERABAD,Saasforce Admin,123103,2101228,Civil,THC
Hyderabad Wine Mart,Non Relevant,FD/HYD/APR22/7,TELANGANA,HYDERABAD,Saasforce Admin,123134,2101400,Civil,THC
Pooja Wines,Non Relevant,FD/HYD/JUN22/2,TELANGANA,HYDERABAD,Saasforce Admin,125128,2100502,Civil,THc
M/S Medchal Spirits,Non Relevant,FD/HYD/APR22/10,TELANGANA,HYDERABAD,Saasforce Admin,123092,2101136,Civil,THC
Sri Venkateshwara Telangana Wines,Non Relevant,FD/HYD/APR22/1,TELANGANA,WARANGAL,Saasforce Admin,122955,2101376,Civil,THC
Elixir The Bottle Shop,Non Relevant,FD/HYD/MAY22/1,TELANGANA,HYDERABAD,Saasforce Admin,124119,2100766,Civil,THC
Toniqq Liquor Mart,Non Relevant,FD/NZM/JAN21/1,TELANGANA,NIZAMABAD,Saasforce Admin,124505,2101064,Civil,THC
Premi Jodhpur,Railway Station,IR/JOD/OAK/DEC21/2,RAJASTHAN,JODHPUR,Devendra Bhati,147337,1900733,Civil,OAK
Liberty Wines Stores - Fort ( World of Wines),Colaba,FD/MUM/Aug22/1,MUMBAI STATE,MUMBAI,Santosh Pandey,15316,FL-II-146,Civil,THC
Liberty Wines Stores - Fort ( World of Wines),Colaba,FD/MUM/Aug22/2,MUMBAI STATE,MUMBAI,Santosh Pandey,15316,FL-II-146,Civil,HOS
C S R Wines,Non Relevant,FD/HYD/OAK/DEC21/19,TELANGANA,HYDERABAD,Saasforce Admin,123153,2101553,Civil,OAK
Sri Svs Wines,Non Relevant,FD/HYD/OAK/DEC21/20,TELANGANA,HYDERABAD,Saasforce Admin,124723,2102596,Civil,OAK
D-Liquor Mart,Non Relevant,FD/HYD/OAK/DEC21/21,TELANGANA,HYDERABAD,Saasforce Admin,124161,2101725,Civil,OAK
Badshahpur Red Light/Rajesh Kumar/2023-24/Zgre50,Badshahpur,IR/GUR/JUL22/1,HARYANA,GURUGRAM EAST,Deepak Chawla,153921,0,Civil,THC
Badshahpur Red Light/Rajesh Kumar/2023-24/Zgre50,Badshahpur,IR/GUR/OAK/JUL22/1,HARYANA,GURUGRAM EAST,Deepak Chawla,153921,0,Civil,OAK
Teja Wines,Non Relevant,FD/HYD/APR22/3,TELANGANA,HYDERABAD,Saasforce Admin,125132,2100590,Civil,THC
The Riviera,Non Relevant,FD/HYD/JUN22/1,TELANGANA,HYDERABAD,Saasforce Admin,123117,2101311,Civil,THC
Ahilya Tak W/O Shiprasad (23) Ajmer,Vaishali Nagar,IR/AJMR/OAK/DEC21/9,RAJASTHAN,AJMER,Sunil Daslania,109415,100050,Civil,OAK
Nishant Kumar Jaiswal Pr-17 (Vina Alkohal-1),R-ROUTE -2,IR/LUC/OCT21/1,UTTAR PRADESH,LUCKNOW,Rahul Tripathi,117478,23331,Civil,THC
Brindco Sales Private Limited KSBCL - WHITE FIELD,Whitefield,FD/BANG/AUG22/1,KARNATAKA,BANGALORE,Ashok GN,122675,19725,Civil,THC
Jai Kumar Morwani Jaipur City,Hawa Sadak,IR/JPR/AUG22/1,RAJASTHAN,JAIPUR,Sushil Padhi,128266,1401081,Civil,THC
Top Most Wines - Khar West,Khar w,FD/MUM/SEP22/1,MUMBAI STATE,MUMBAI,Vishal Kendale,27242,FL-II-269,Civil,THC
Pancham Wines,AHMEDNAGAR CITY,CAL/AHMDN/AUG22/1,REST OF MAHARASHTRA,AHMEDNAGAR,Rajesh Mali,19634,FL-II/37,Civil,THC
Govinda Wines,NK-MUM HIGHWAY,CAL/NSK/AUG22/1,REST OF MAHARASHTRA,BOMBAYHIGHWAY,Rakesh Biswal,12053,FLII/ 219,Civil,THC
Sharanpur Wines,Collage Road,CAL/NSK/AUG22/2,REST OF MAHARASHTRA,COLLAGERD,Pankaj Aher,23532,FLII/ 61,Civil,THC
Ashok Brothers,PANCHAVATI,CAL/NSK/AUG22/3,REST OF MAHARASHTRA,PANCHAVATI,Satish Choudhuri,8548,FLII/ 24,Civil,THC
The L E Cafe - Gangapur Road,GANGAPUR ROAD 1,CAL/NSK/AUG22/4,REST OF MAHARASHTRA,GANGAPUR ROAD,Pankaj Aher,119078,FL-III-964,Civil,THC
M/S New Parklane Wines,Non Relevant,FD/HYD/AUG21/2,TELANGANA,WARANGAL,Saasforce Admin,122786,2100380,Civil,THC
S S Wines,CBD,CAL/Thane/SEP22/1,REST OF MAHARASHTRA,THANE,Vishnu Kumawat,21834,FL II 115,Civil,THC
Anmol Wine Shop - Thane West,Beat 4,CAL/Thane/SEP22/2,REST OF MAHARASHTRA,THANE,Pravin Sunil Dalvi,79561,FL-II-8,Civil,THC
New Town Liquor Mart,Non Relevant,FD/HYD/AUG22/1,TELANGANA,HYDERABAD,Saasforce Admin,124096,2100304,Civil,THC
M/S. Janapriya Liquidz,Non Relevant,FD/HYD/SEP22/1,TELANGANA,HYDERABAD,Saasforce Admin,124104,2100386,Civil,THC
Espirito,Non Relevant,FD/HYD/FEB22/6,TELANGANA,HYDERABAD,Saasforce Admin,125286,2100408,Civil,THC- Hakuzukuri
Salkars Wine Hub Calangute,Pranay_Calangute/Baga/Arpora,CAL/GOA/OAK/OCT21/13,GOA,GOA-N,Pranay Gaonkar,106287,FCL/PB/0000,Civil,OAK
M/S. Hop Stop Liquors,Non Relevant,FD/HYD/OCT 20/2,TELANGANA,HYDERABAD,Saasforce Admin,124171,2101828,Civil,THC
Manish Kumar Khatnar Jaipur City,Jaipur2,IR/JPR/OCT22/1,RAJASTHAN,JAIPUR,Sushil Padhi,144969,1401334,Civil,THC
Warden Wine Mart - Mahalaxmi,Walkeshwar,CAL/MUM/SEP22/2,MUMBAI STATE,MUMBAI,Santosh Pandey,28541,FL-II-80,Civil,THC
A To Z Super Market,Kashinath_Calangute/Baga,CAL/GOA/DEC21/2,GOA,GOA-N,Kashinath Mandrekar,45939,FCL /PB /695 FL /PB/247,Civil,THC
Ghanekar Enterprises,MEENAL_PANAJI/PATO,CAL/GOA/FEB22/1,GOA,GOA-N,Meenal Kansara,11863,FCL/PB/47,Civil,THC
Laljee Dewraj And Co,DEVENDRA_PANAJI/PATO,CAL/GOA/MAR22/1,GOA,GOA-N,Devendra Pawar,15195,IMFL/WS/CL/17/25,Civil,THC
M/S Anant Foods,MEENAL_PANAJIM/DONA PAULA/TALEIGAO,CAL/GOA/FEB22/2,GOA,GOA-N,Meenal Kansara,15852,IMFL/PB/257,Civil,THC
Maharaja Wines -Arpora,Raghunath_Arpora/Anjuna/Vagator,CAL/GOA/DEC21/1,GOA,GOA-N,Raghunath Ambre,81611,FCL/PB/770,Civil,THC
Nagesh A Shetty,manipal,FD/UDPI/OCT22/1,KARNATAKA,UDUPI,Nagabooshana Kamath,30010,35045,Civil,THC
Rajesh Shetty Ksbcl - Mangaluru,Mallikatte,FD/MANG/OCT22/1,KARNATAKA,MANGALORE,Avinash Mendon,121359,19576,Civil,THC
B L Shivarudraiah  Hongasandra,HSR-2,FD/BANG/OCT22/1,KARNATAKA,BANGALORE,Dinesh Kumar,105601,18236,Civil,THC
Smt.Veena Anand Ksbcl - Hebbala,New Airport Rorad,FD/BANG/OCT22/2,KARNATAKA,BANGALORE,Harish YS,139219,41877,Civil,THC
Green Auto Mobile/Mahender/2023-24/Zfbd62,Route 4,IR/FARID/NOV22/1,HARYANA,FARIDABAD,Somendra Singh Chauhan,153681,0,Civil,JB
Sector-12/Narender Kumar Jindal C/O Abhi Ente/2023-24/Zfbd17,Route 5,IR/FARID/NOV22/2,HARYANA,FARIDABAD,Somendra Singh Chauhan,153591,0,Civil,JB
Sector 11/Vikram C/O G-Town Liquor House/2023-24/Zfbd73,Faridabad,IR/FARID/NOV22/3,HARYANA,FARIDABAD,Pankaj Kumar,153703,0,Civil,JB
Brindco Sales Private Limited Ksbcl - Devanahalli,Budegere,FD/BANG/NOV22/1,KARNATAKA,BANGALORE,Harish YS,139250,41795,Civil,JB FSU
Brindco Sales Private Limited Ksbcl - Devanahalli,Budegere,FD/BANG/HOS/NOV22/1,KARNATAKA,BANGALORE,Harish YS,139250,41795,Civil,HOS
Sector-40/Chlast Retail Private Limited/2023-24/Zgre36,Huda City Centre,DS/GUR/DEC22/1,HARYANA,GURUGRAM EAST,ABHIMANU SINGH,153894,0,Civil,JB
Sector-40/Chlast Retail Private Limited/2023-24/Zgre36,Huda City Centre,DS/GUR/HOS/DEC22/1,HARYANA,GURUGRAM EAST,ABHIMANU SINGH,153894,0,Civil,HOS
42241-Smt H N Girija,Brookfield,FD/BAN/APR23/1,KARNATAKA,BANGALORE,Ashok GN,144562,42241,Civil,THC
42241-Smt H N Girija,Brookfield,FD/BAN/JB/APR23/1,KARNATAKA,BANGALORE,Ashok GN,144562,42241,Civil,JB
Gaur City ( Charmurti Chaurahe Se Khajuri Chauk Tak) 34588 Ms,PR Noida,IR/NOIDA/MAR22/1,UTTAR PRADESH,Noida,Parag Saxena,113709,34588,Civil,Jim Beam
Sona Wines - Malad West,Malad W,CAL/MUM/OAK/MAR23/1,MUMBAI STATE,MUMBAI,Amit Devkare,24565,FL-II-175,Civil,OAK Wallbay
Balaji Wines- Malad West,Malad W,CAL/MUM/OAK/MAR23/F1,MUMBAI STATE,MUMBAI,Amit Devkare,9151,FL-II-274,Civil,OAK FSU
Airport Shops Licensee - Himalaya Traders,BHOPAL-3,CAL/MP/OAK/OCT22/F1,MADHYA PRADESH,BHOPAL,Suman Kumar Rana,138078,09/2022/0286,Civil,Oak FSU
